--
-- PostgreSQL database dump
--

-- Dumped from database version 17.9 (Debian 17.9-1.pgdg13+1)
-- Dumped by pg_dump version 17.0

-- Started on 2026-06-09 23:20:52

SET statement_timeout = 0;
SET lock_timeout = 0;
SET idle_in_transaction_session_timeout = 0;
SET transaction_timeout = 0;
SET client_encoding = 'UTF8';
SET standard_conforming_strings = on;
SELECT pg_catalog.set_config('search_path', '', false);
SET check_function_bodies = false;
SET xmloption = content;
SET client_min_messages = warning;
SET row_security = off;

SET default_tablespace = '';

SET default_table_access_method = heap;

--
-- TOC entry 218 (class 1259 OID 16390)
-- Name: content_logs; Type: TABLE; Schema: public; Owner: postgres
--

CREATE TABLE public.content_logs (
    log_id bigint NOT NULL,
    content_type character varying(50),
    created_at timestamp(6) without time zone,
    generated_body text NOT NULL,
    project_id bigint,
    title character varying(255),
    type character varying(255),
    user_id bigint NOT NULL,
    user_input text
);


ALTER TABLE public.content_logs OWNER TO postgres;

--
-- TOC entry 217 (class 1259 OID 16389)
-- Name: content_logs_log_id_seq; Type: SEQUENCE; Schema: public; Owner: postgres
--

ALTER TABLE public.content_logs ALTER COLUMN log_id ADD GENERATED BY DEFAULT AS IDENTITY (
    SEQUENCE NAME public.content_logs_log_id_seq
    START WITH 1
    INCREMENT BY 1
    NO MINVALUE
    NO MAXVALUE
    CACHE 1
);


--
-- TOC entry 220 (class 1259 OID 16398)
-- Name: contents; Type: TABLE; Schema: public; Owner: postgres
--

CREATE TABLE public.contents (
    content_id bigint NOT NULL,
    body text NOT NULL,
    content_type character varying(50),
    created_at timestamp(6) without time zone,
    log_id bigint,
    project_id bigint,
    scheduled_at timestamp(6) without time zone,
    status character varying(50),
    title character varying(255),
    updated_at timestamp(6) without time zone,
    user_id bigint NOT NULL,
    user_input text,
    verification_token character varying(255),
    token_generated_at timestamp without time zone
);


ALTER TABLE public.contents OWNER TO postgres;

--
-- TOC entry 219 (class 1259 OID 16397)
-- Name: contents_content_id_seq; Type: SEQUENCE; Schema: public; Owner: postgres
--

ALTER TABLE public.contents ALTER COLUMN content_id ADD GENERATED BY DEFAULT AS IDENTITY (
    SEQUENCE NAME public.contents_content_id_seq
    START WITH 1
    INCREMENT BY 1
    NO MINVALUE
    NO MAXVALUE
    CACHE 1
);


--
-- TOC entry 222 (class 1259 OID 16406)
-- Name: files; Type: TABLE; Schema: public; Owner: postgres
--

CREATE TABLE public.files (
    id bigint NOT NULL,
    created_at timestamp(6) without time zone,
    extension character varying(10) NOT NULL,
    file_path character varying(500) NOT NULL,
    file_size bigint,
    original_name character varying(255),
    saved_name character varying(255) NOT NULL,
    status character varying(20),
    updated_at timestamp(6) without time zone,
    content_id bigint,
    log_id bigint NOT NULL
);


ALTER TABLE public.files OWNER TO postgres;

--
-- TOC entry 221 (class 1259 OID 16405)
-- Name: files_id_seq; Type: SEQUENCE; Schema: public; Owner: postgres
--

ALTER TABLE public.files ALTER COLUMN id ADD GENERATED BY DEFAULT AS IDENTITY (
    SEQUENCE NAME public.files_id_seq
    START WITH 1
    INCREMENT BY 1
    NO MINVALUE
    NO MAXVALUE
    CACHE 1
);


--
-- TOC entry 224 (class 1259 OID 16414)
-- Name: projects; Type: TABLE; Schema: public; Owner: postgres
--

CREATE TABLE public.projects (
    project_id bigint NOT NULL,
    created_at timestamp(6) without time zone,
    description text,
    name character varying(255) NOT NULL,
    status character varying(255) NOT NULL,
    updated_at timestamp(6) without time zone,
    user_id bigint NOT NULL
);


ALTER TABLE public.projects OWNER TO postgres;

--
-- TOC entry 223 (class 1259 OID 16413)
-- Name: projects_project_id_seq; Type: SEQUENCE; Schema: public; Owner: postgres
--

ALTER TABLE public.projects ALTER COLUMN project_id ADD GENERATED BY DEFAULT AS IDENTITY (
    SEQUENCE NAME public.projects_project_id_seq
    START WITH 1
    INCREMENT BY 1
    NO MINVALUE
    NO MAXVALUE
    CACHE 1
);


--
-- TOC entry 228 (class 1259 OID 16560)
-- Name: refresh_tokens; Type: TABLE; Schema: public; Owner: postgres
--

CREATE TABLE public.refresh_tokens (
    refresh_token_id bigint NOT NULL,
    token character varying(500) NOT NULL,
    user_id bigint NOT NULL,
    expiry_date timestamp without time zone NOT NULL
);


ALTER TABLE public.refresh_tokens OWNER TO postgres;

--
-- TOC entry 227 (class 1259 OID 16559)
-- Name: refresh_tokens_refresh_token_id_seq; Type: SEQUENCE; Schema: public; Owner: postgres
--

CREATE SEQUENCE public.refresh_tokens_refresh_token_id_seq
    START WITH 1
    INCREMENT BY 1
    NO MINVALUE
    NO MAXVALUE
    CACHE 1;


ALTER SEQUENCE public.refresh_tokens_refresh_token_id_seq OWNER TO postgres;

--
-- TOC entry 3488 (class 0 OID 0)
-- Dependencies: 227
-- Name: refresh_tokens_refresh_token_id_seq; Type: SEQUENCE OWNED BY; Schema: public; Owner: postgres
--

ALTER SEQUENCE public.refresh_tokens_refresh_token_id_seq OWNED BY public.refresh_tokens.refresh_token_id;


--
-- TOC entry 226 (class 1259 OID 16422)
-- Name: users; Type: TABLE; Schema: public; Owner: postgres
--

CREATE TABLE public.users (
    user_id bigint NOT NULL,
    email character varying(100) NOT NULL,
    name character varying(13) NOT NULL,
    nickname character varying(13) NOT NULL,
    password_hash character varying(255) NOT NULL,
    role character varying(255) NOT NULL,
    email_on_publish character varying(1) DEFAULT 'Y'::character varying NOT NULL
);


ALTER TABLE public.users OWNER TO postgres;

--
-- TOC entry 225 (class 1259 OID 16421)
-- Name: users_user_id_seq; Type: SEQUENCE; Schema: public; Owner: postgres
--

ALTER TABLE public.users ALTER COLUMN user_id ADD GENERATED BY DEFAULT AS IDENTITY (
    SEQUENCE NAME public.users_user_id_seq
    START WITH 1
    INCREMENT BY 1
    NO MINVALUE
    NO MAXVALUE
    CACHE 1
);


--
-- TOC entry 3300 (class 2604 OID 16563)
-- Name: refresh_tokens refresh_token_id; Type: DEFAULT; Schema: public; Owner: postgres
--

ALTER TABLE ONLY public.refresh_tokens ALTER COLUMN refresh_token_id SET DEFAULT nextval('public.refresh_tokens_refresh_token_id_seq'::regclass);


--
-- TOC entry 3472 (class 0 OID 16390)
-- Dependencies: 218
-- Data for Name: content_logs; Type: TABLE DATA; Schema: public; Owner: postgres
--

INSERT INTO public.content_logs VALUES (14, 'BLOG', '2026-06-06 15:10:33.162726', '<p>안녕하세요 사장님들~ 그리고 사랑하는 이웃님들! 💖 오늘도 에너제틱하게 하루를 시작하고 계신가요? 쌩쌩한 에너지를 전파하러 찾아온 컨텐츠 메이커입니다! 🙌</p><p>벌써 6월이라니 시간 정말 빠르죠! ☀️ 날씨가 슬슬 후끈해지는데, 이럴 때 가장 완벽한 피서지는 어디일까요? 맞습니다, 바로 시원~한 에어컨 바람이 빵빵하게 나오는 영화관이죠! 😎✨</p><br><p>요즘 제 주변에서도 <strong>"6월 영화추천해줘!"</strong>라는 요청이 정말 빗발치고 있답니다! 그래서 블로그 최적화 전문가인 제가 여러분들의 안구와 감성을 정화해 줄 초특급 기대작들을 싹~ 정리해왔어요! 꿀팁 방출하니까 눈 크게 뜨고 따라오세요! 👀🔥</p><br>[IMAGE_HERE]<br><p><strong>1. 감성 폭발! 모두가 기다린 속편 <인사이드 아웃 2> 🧠✨</strong></p><p>첫 번째로 소개해 드릴 작품은 전 세계가 사랑하는 디즈니·픽사의 메가 히트작! 바로 <인사이드 아웃 2>입니다! 이번에는 사춘기에 접어든 라일리의 머릿속에 ''불안'', ''당황'', ''따분'', ''부럽''이라는 새로운 감정들이 등장한대요! 😲</p><p>기존의 다섯 감정들과 새 감정들이 엉키며 벌어지는 소동극! 어른이들의 눈물샘을 자극할 감동 치트키가 확실하니, 휴지 꼭 챙겨가시길 바랄게요~ 😭👍</p><br><p><strong>2. 초호화 비주얼 라인업 <원더랜드> 🌸💫</strong></p><p>두 번째는 한국 영화의 자존심! 탕웨이, 수지, 박보검, 정유미, 최우식이라는 역대급 캐스팅으로 화제를 모은 <원더랜드>입니다. 세상을 떠난 가족, 연인과 영상통화로 다시 만나는 가상 세계 ''원더랜드''를 배경으로 한 감동 로맨스 SF 영화랍니다!</p><p>배우들 얼굴 합만 봐도 벌써 눈이 정화되는 느낌 아닌가요? 💖 가슴 몽글몽글해지는 서사와 감성을 느끼고 싶다면 이 영화 강력 추천합니다!</p><br><p><strong>3. 숨 막히는 긴장감 <콰이어트 플레이스: 첫째 날> 🤫👾</strong></p><p>마지막은 짜릿한 스릴을 즐기는 프로 심장 쫄깃러들을 위한 영화! 소리를 내면 괴생명체의 공격을 받는 세상의 시작을 다룬 프리퀄 영화입니다. 대도시 뉴욕이 어떻게 침묵의 도시로 변했는지 극장에서 직접 확인해 보세요!</p><p>팝콘 씹는 소리조차 눈치 보일 정도의 극강의 서스펜스를 자랑하니, 심장 약하신 분들은 주의하셔요! 😉💥</p><br><p>여기서 끝내면 섭섭하죠? <strong>영화관 알뜰 예매 꿀팁 방출합니다!</strong> ✨<br>1. 매월 마지막 주 수요일 ''문화가 있는 날'' 50% 할인 챙기기!<br>2. 통신사 VIP 멤버십 영화 무료/할인 혜택 조회하기!<br>3. 당근마켓이나 중고나라에서 대리예매 활용해 저렴하게 예매하기!</p><br><p>이 정도 꿀팁이면 이번 6월 영화 데이트는 백전백승이겠죠? 🥰 이웃님들의 최애 기대작은 무엇인가요? 댓글로 자유롭게 소통해요! 오늘 포스팅이 도움 되셨다면 공감과 댓글 꾹~ 눌러주시는 센스! 잊지 마세요~❤️</p>', 4, '6월 영화추천 [활기찬 파워블로거]', 'BLOG', 1, '6월 영화추천해줘');
INSERT INTO public.content_logs VALUES (2, 'BLOG', '2026-05-14 22:18:24.065839', '<p>안녕하세요 사장님들~!! 오늘도 활기차게 인사드리는 여러분의 컨텐츠 메이커입니다! ✨</p><p>요즘 날씨가 부쩍 더워지면서 등골이 오싹해지는 공포물 찾으시는 분들 많으시죠? 저도 얼마 전에 ''살목지''가 그렇게 재밌다는 소문을 듣고 얼른 보고 왔답니다! 👻 혼자 보느라 정말 심장이 쫄깃해지는 줄 알았어요!</p><br><p>[IMAGE_HERE]</p><br><p><strong>📍 살목지, 대체 어떤 내용인가요? (줄거리 요약)</strong></p><p>살목지는 경기도 연천에 위치한 실존하는 장소를 모티브로 한 공포 영화예요. ''살목지''라는 이름 자체가 ''나무를 죽이는 연못''이라는 무시무시한 뜻을 담고 있는데요. <br><br>영화는 공포 괴담의 실체를 파헤치기 위해 이 금기된 장소로 떠난 유튜버들과 그 주변 인물들이 겪는 미스터리한 사건들을 다루고 있답니다. 실화 같은 느낌을 주는 페이크 다큐멘터리 형식이라 몰입감이 정말 장난이 아니었어요! 😱</p><br><p><strong>🎬 직접 보고 느낀 리얼 관람후기!</strong></p><p>솔직히 말씀드리면, 초반에는 ''음, 그냥 평범한 공포물인가?'' 싶었거든요? 하지만 이야기가 전개될수록 그 특유의 음산한 분위기가 화면을 뚫고 나오더라고요! <br><br>특히 소리 효과가 대박이었어요. 바스락거리는 소리 하나에도 깜짝깜짝 놀라게 되는 마법... 사장님들도 꼭 사운드 빵빵하게 해서 보시길 추천드려요! 🔊</p><br><p>[IMAGE_HERE]</p><br><p><strong>💡 여기서 드리는 관람 꿀팁!</strong></p><p>1. <strong>심약자 주의:</strong> 갑자기 튀어나오는 점프 스케어 요소가 꽤 있어요! 마음의 준비 필수! ✨<br>2. <strong>밤에 보기:</strong> 공포 영화는 역시 밤이죠? 조명 다 끄고 보면 공포가 두 배!<br>3. <strong>친구와 함께:</strong> 혼자 보기 무섭다면 꼭 친구나 연인과 함께 보시길 바라요. (저는 혼자 보다가 이불 뒤집어썼답니다 😂)</p><br><p>우리 사장님들도 이번 주말, 시원하게 살목지 한 편 어떠신가요? <br>댓글로 ''나는 공포 영화 좋아한다 vs 싫어한다'' 남겨주시면 저랑 수다 떨어요! 오늘의 포스팅이 도움 되셨다면 하트 꾹 부탁드려요~!! 🔥</p>', NULL, '살목지', 'BLOG', 1, '살목지재밌다던데 줄거리랑 관람후기 만들어서 글써줘');
INSERT INTO public.content_logs VALUES (3, 'BLOG', '2026-05-20 16:35:20.91805', '<p align=''center''>안녕하세요 사장님들~! 😊 오늘 날씨가 참 촉촉하니 감성 돋는 하루네요! 🌧️<br>창밖에 토독토독 떨어지는 빗소리를 듣고 있으니, 괜히 마음이 몽글몽글해지면서 ''오늘 저녁은 또 뭘 먹어야 기가 막히게 잘 먹었다고 소문이 날까~'' 하고 침이 고이는 거 있죠? ㅎㅎ</p><br><p align=''center''>비 오는 날에는 유독 기름진 냄새나 뜨끈뜨끈한 국물이 당기잖아요! <br>그래서 오늘은 인스타 감성 뿜뿜하면서도 맛까지 확실하게 보장하는 <strong>''비오는날 저녁메뉴추천 3가지''</strong> 꿀팁을 대방출하려고 합니다! 오늘 저녁 메뉴 고민은 이 포스팅 하나로 완전 종결해 드릴게요! 끝까지 집중해 주세요~! 👇✨</p><br><br><h2>1. 비 오는 날의 영원한 클래식, ''바삭촉촉 해물파전 & 김치전'' 🥞</h2><p>역시 비 오는 날 하면 가장 먼저 떠오르는 부동의 1위 메뉴, 바로 부침개죠! <br>빗소리(타닥타닥)와 팬 위에서 기름이 끓는 소리(치이익-)의 주파수가 똑같아서 비만 오면 그렇게 전이 당긴다는 과학적(?)인 사실, 다들 알고 계셨나요? 😋</p><br><p><strong>💡 인스타 사장님의 초특급 꿀팁!</strong><br>반죽을 하실 때 찬물 대신 <strong>''탄산수''나 ''얼음물''</strong>을 넣고 살살 섞어주시면 튀김가루 없이도 겉은 완전히 바삭하고 속은 촉촉한 역대급 ''겉바속촉'' 전을 만드실 수 있답니다! 오징어와 새우를 듬뿍 넣은 해물파전 한 입 먹고, 시원한 막걸리 한 잔 들이켜면... 캬, 오늘 하루 피로가 싹 날아가 버리죠! 🍶</p><br><br>[IMAGE_HERE]<br><br><h2>2. 칼칼하고 진한 국물로 몸을 녹여줄 ''얼큰 닭볶음탕'' 🍲</h2><p>비가 와서 약간 으슬으슬하고 쌀쌀해진 날씨에는 온몸을 뜨끈하게 데워줄 국물 요리가 필수죠! <br>두 번째 추천 메뉴는 칼칼한 국물에 감자가 포슬포슬하게 익어 국물과 함께 슥슥 비벼 먹기 좋은 ''얼큰 닭볶음탕''입니다. 😍</p><br><p><strong>💡 감칠맛 폭발하는 비법 전수!</strong><br>양념장을 만드실 때 <strong>고춧가루와 카레가루를 반 스푼</strong> 정도 슥 섞어보세요! 닭고기의 잡내를 완벽하게 잡아주면서 닭볶음탕 전문점 못지않은 깊고 진한 풍미가 우러난답니다. 닭고기를 다 건져 먹은 후, 자작하게 남은 양념에 김가루와 참기름을 솔솔 뿌려 볶음밥으로 마무리하는 거 절대 잊지 마세요! 이건 국룰인 거 아시죠? 🥄🔥</p><br><br><h2>3. 지글지글 소리부터 예술인 ''두툼한 삼겹살구이 & 미나리'' 🥓</h2><p>마지막 추천 메뉴는 소리부터 오감을 자극하는 삼겹살입니다! <br>비 오는 창가를 바라보며 불판 위에 지글지글 구워지는 삼겹살을 보고 있으면, 쌓여있던 스트레스가 한 번에 풀리는 기분이 들잖아요~ 👍</p><br><p><strong>💡 찰떡궁합 꿀조합 추천!</strong><br>그냥 삼겹살만 구워 드시지 마시고, 요즘 제철인 <strong>''향긋한 미나리''</strong>를 불판 끝자락에 살짝 올려서 돼지기름에 구워 함께 드셔보세요. 삼겹살의 느끼함은 미나리 향이 싹 잡아주고, 아삭한 식감까지 더해져서 무한대로 흡입이 가능하답니다! 마늘과 쌈장 콕 찍어서 한 쌈 크게 싸 먹으면 온 세상을 다 가진 기분이 들 거예요! 🥬✨</p><br><br><p align=''center''>---</p><br><p align=''center''>오늘 소개해 드린 <strong>비오는날 저녁메뉴추천 3가지</strong> 중 사장님들의 마음을 가장 사로잡은 원픽 메뉴는 무엇인가요? 💖<br>날씨는 우중충하지만, 사랑하는 사람들과 맛있는 저녁 식사 하시면서 세상에서 가장 따뜻하고 행복한 저녁 시간 보내시길 바랄게요!</p><br><p align=''center''>오늘 포스팅이 도움이 되셨다면 <strong>공감과 댓글, 이웃추가</strong> 꾹~ 눌러주시는 센스! <br>다음에도 더 맛있고 유익한 꿀팁으로 찾아올게요! 모두 행복한 저녁 되세요~ 안녕! 🙋‍♀️ 대박 나세요!</p>', 3, '비오는날', 'BLOG', 1, '비오는날 저녁메뉴추천 3가지');
INSERT INTO public.content_logs VALUES (4, 'BLOG', '2026-05-20 16:37:06.341131', '<p>안녕하세요 사장님들~! 🧡 오늘도 발 빠르게 핫한 정보를 들고 온 여러분의 트렌드 세터, 인스타사장님입니다! 😆 다들 이번 주말 계획은 세우셨나요? 요즘 날씨도 쌀쌀한데, 이럴 때일수록 극장에서 팝콘 끼고 짜릿한 스릴러 한 편 때려야 하는 거 아시죠?! ㅎㅎ</p><p>최근 영화계에서 엄청나게 입소문을 타고 있는 신작이 있어서 제가 발 빠르게 보고 왔답니다! 바로 이름부터 예사롭지 않은 신작 영화 <strong>''군체''</strong>인데요! 🎬 처음엔 ''또 뻔한 좀비 영화인가?'' 싶었는데, 오마이갓... 보고 나니 뒤통수를 탁 때리는 엄청난 신선함이 있더라고요! 뇌리에 강렬하게 꽂힌 이 영화, 기존 좀비물들과는 도대체 뭐가 다르고, 왜 꼭 극장에서 봐야 하는지 꿀팁 가득 담아 소개해 드릴게요! 고고싱~! 👇</p><br><p>[IMAGE_HERE]</p><br><h3>📌 기존 좀비물 vs 영화 ''군체''의 결정적 차이점!</h3><p>우리가 흔히 알던 K-좀비나 할리우드 좀비들은 어땠나요? 보통 이성이 없고, 배고픔에 굶주려 우워어어- 소리를 지르며 무지성으로 달려드는 게 특징이었잖아요? 🧟‍♂️ 하지만 이번 영화 <strong>''군체''는 차원이 다릅니다!</strong></p><p><strong>1. ''집단 지성''을 가진 감염체들!</strong><br>영화 제목인 ''군체(Swarm/Colony)''에서 알 수 있듯이, 이 영화 속 감염자들은 개별적으로 움직이지 않아요. 마치 개미나 벌처럼 <strong>하나의 거대한 유기체처럼 연결되어 움직인답니다!</strong> 한 놈이 인간을 발견하면, 그 신호가 순식간에 수천 명에게 공유되어 일사불란하게 포위망을 좁혀와요. 이 설정이 주는 압박감이 진짜 상상을 초월합니다. 😱</p><p><strong>2. 도구와 전략을 사용하는 지능형 공포!</strong><br>기존 좀비들은 문을 부수거나 몸으로 밀어붙였다면, ''군체''의 녀석들은 함정을 파고, 퇴로를 차단하는 등 고도의 전술(!)을 구사해요. 인간의 심리를 역이용하는 장면에서는 소름이 쫙 돋았답니다. ''이게 좀비야, 특수부대야?!'' 싶을 정도로 영리하고 잔인해요.</p><br><h3>🎯 놓치면 후회하는 ''군체'' 관람 포인트 3가지!</h3><p>영화 보러 가시기 전에 요 포인트 세 가지만 딱 기억하고 가시면 몰입도 200% 보장합니다! 꿀팁 방출해요~! 🍯</p><p><strong>첫 번째! 심장을 쥐어짜는 압도적인 사운드 디자인 🎧</strong><br>감염체들이 서로 소통할 때 내는 미세한 주파수 소리와 딱딱거리는 소름 끼치는 소리가 극장 사방에서 울려 퍼집니다. 이어폰으로 들을 때와는 차원이 다른 공간감이 느껴지니, 이 영화만큼은 꼭 사운드가 좋은 특별관에서 관람하시는 걸 강력 추천드려요!</p><p><strong>두 번째! 압도적인 스케일의 ''군체 비주얼'' 💥</strong><br>수천 명의 감염자들이 거대한 파도처럼 뒤엉켜 벽을 타고 올라오고, 거리를 뒤덮는 비주얼적 연출은 그야말로 장관입니다. CG와 실사 액션의 조화가 너무 자연스러워서 스크린에서 눈을 뗄 수가 없었어요. 시각적 쾌감이 어마어마합니다!</p><p><strong>세 번째! 인간성과 생존을 둘러싼 묵직한 메시지 🧠</strong><br>''하나의 집단으로 묶여 개성을 잃는 것이 진정한 생존인가, 아니면 불완전하더라도 인간으로 남을 것인가''에 대한 철학적인 질문을 던집니다. 단순한 오락 영화를 넘어 생각할 거리를 던져줘서 여운이 깊게 남더라고요.</p><br><p>우리 사장님들~! 뻔한 클리셰에 지치셨다면, 이번 주말에는 독창적인 설정과 숨 막히는 긴장감으로 무장한 영화 ''군체''로 짜릿한 도파민 충전해 보시는 건 어떨까요? 🍿✨</p><p>오늘 정보가 도움이 되셨다면 하트 꾹, 댓글 남겨주시는 거 잊지 마시고요! 다음에도 더 핫하고 유용한 트렌드 소식으로 찾아올게요! 안녕~! 💞</p>', 4, '군체', 'BLOG', 1, '영화군체새로나온거 기존 좀비물과의 차이점 그리고 관람포인트 게시글만들어줘');
INSERT INTO public.content_logs VALUES (5, 'INSTA', '2026-05-20 17:10:49.602541', '<p>안녕하세요 사장님들~🧡 오늘도 에너지 넘치게 하루를 시작하고 계신가요?!</p><p>날씨가 조금만 더워지거나 당이 떨어질 때 바로 생각나는 마법의 음료, 바로 <strong>''아아''(아이스 아메리카노)</strong>잖아요! 진짜 아아 없이는 하루도 못 버티는 일인으로서 오늘도 시원하게 한 잔 들이키며 시작했답니다!😭</p><p>오늘 포스팅에서는 지갑 속 5,000원짜리 지폐 한 장, 즉 우리에게 너무나 친숙한 <strong>''이이''(율곡 이이)</strong> 선생님 한 분으로 시원하고 갓벽한 아아를 즐기는 가성비 대박 꿀팁과 실패 없는 홈카페 에스프레소 추출 노하우를 아낌없이 방출해 드릴게요! 끝까지 집중해 주세요~!✨</p><br><br><p><strong>📌 왜 ''아아''와 ''이이''의 조합일까요? 🤔</strong></p><p>요즘 고물가 시대에 밥값보다 비싼 커피값 때문에 손이 달달 떨리실 때 많으시죠? 하지만 우리 지갑 속 5,000원짜리에 그려진 율곡 <strong>이이</strong> 선생님 한 장만 있으면, 향긋하고 신선한 프리미엄 아아 한 잔을 마시고도 잔돈이 남는다는 놀라운 사실!</p><p>가성비 프랜차이즈 카페부터 동네 숨은 로스터리 카페까지, 이이 선생님 한 장으로 소확행을 누릴 수 있는 곳이 정말 많답니다. 커피 한 잔이 주는 이 놀라운 활력, 절대 포기할 수 없죠!</p><br>[IMAGE_HERE]<br><p><strong>💡 인스타 감성 뿜뿜! 집에서 카페 퀄리티 내는 아아 레시피 꿀팁 방출합니다!</strong></p><p>우리 사장님들도 집에서 홈카페 자주 즐기시죠? 이상하게 내가 타면 카페 맛이 안 난다 하시는 분들을 위해 핵심만 쏙쏙 골라왔어요! 🍯</p><p>1️⃣ <strong>원두 선택이 맛의 90%!</strong>: 아아로 드실 때는 고소하고 묵직한 다크 로스팅 원두를 추천해 드려요. 산미를 좋아하신다면 에티오피아 예가체프 계열도 완전 강추!<br>2️⃣ <strong>얼음은 단단하게, 컵은 차갑게!</strong>: 얼음이 금방 녹아버리면 아아가 금방 밍밍해져요. 꼭 단단한 왕얼음을 사용하시고, 컵을 미리 냉동실에 살짝 넣어 차갑게 만들어 주는 센스!<br>3️⃣ <strong>황금 에스프레소 비율</strong>: 물 150ml에 단단한 얼음을 가득 채우고, 그 위에 갓 추출한 에스프레소 2샷을 천천히 부어주세요. 크레마가 싹~ 올라오면서 비주얼까지 완벽해진답니다👍</p><br><br><p>오늘 알려드린 꿀팁 어떠셨나요?! 우리 사장님들 모두 이이 선생님 한 장 가볍게 들고, 시원한 아아 한 잔과 함께 오늘도 활기차고 행복한 하루 보내시길 바랄게요! 더 알찬 정보로 또 찾아올게요. 안녕~!💨</p>', 4, '아아', 'INSTA', 1, '이이');
INSERT INTO public.content_logs VALUES (6, 'BLOG', '2026-05-20 19:26:33.29996', '<p>안녕하세요 사장님들~! 오늘도 열일하고 밤마다 협곡으로 퇴근하시는 우리 사장님들을 위해, 인스타 사장님이 아주 기가 막힌 꿀정보를 들고 왔답니다! 🎮✨</p><p>요즘 리그오브레전드(LoL) 메타가 정말 빠르게 변하고 있잖아요? "아니, 도대체 요즘은 뭘 해야 이길 수 있는 거야?" 하고 머리 싸매고 계셨던 분들 주목해주세요!</p><p>오늘은 네이버 블로그 상위 노출 전문 컨텐츠 메이커로서, 그리고 협곡에 뼈를 묻은 친근한 사장님으로서 딱 3가지 챔피언만 콕 집어 소개해 드릴게요. 이거만 파셔도 진짜 점수 수직 상승 보장합니다! 꿀팁 방출하니 끝까지 집중해주세요! 🔥</p><br><br><h3>1. 탑의 든든한 지배자, ''아트록스'' (Aatrox) 🗡️</h3><p>첫 번째로 추천해 드릴 <strong>롤 요즘좋은챔피언추천 3가지</strong> 중 대망의 첫 주자는 바로 탑의 황제, 아트록스입니다! 요즘 탑 메타에서 아트록스는 정말 ''뚫리지 않는 방패이자 가장 날카로운 창''이라고 할 수 있어요.</p><p>특히 ''선체파괴자''나 ''갈라진 하늘'' 같은 아이템과의 시너지가 너무 좋아서, 한타 때 적진 한가운데로 들어가서 Q 3타 쾅! 쾅! 찍어주면 상대방 딜러들 정신 못 차린답니다. 피흡으로 좀비처럼 살아남는 모습 보면 짜릿함 그 자체라니까요?! 탑 라인전에서 주도권 잡고 겜 터뜨리고 싶으신 사장님들께 강력 추천합니다! 👍</p><br><br><h3>2. 미드 라인의 황금 밸런스, ''아리'' (Ahri) 🦊</h3><p>두 번째 추천은 미드에서 언제나 국밥처럼 든든한 우리 아리입니다! 매혹(E) 한 번 잘 맞추면 한타가 그냥 터져버리는 마법, 다들 아시죠?</p><p>요즘 아리는 ''악의'' 아이템과의 궁합이 너무 좋아서 궁극기 쿨타임이 정말 빨리 돌아요. 덕분에 기동성이 거의 날아다니는 수준이랍니다! 라인 푸시력도 좋아서 정글러 도와주러 로밍 가기도 편하고, 생존력도 최상급이라 초보 사장님들도 안전하게 캐리할 수 있는 만능 미드 챔피언이에요. 아리 하나만 마스터해두면 어떤 메타가 와도 든든하답니다!</p><br><br>[IMAGE_HERE]<br><br><h3>3. 후반 왕귀의 끝판왕, 원딜 ''징크스'' (Jinx) 🚀</h3><p>마지막으로 추천해 드릴 챔피언은 바로 칼바람과 협곡을 불태우고 있는 원거리 딜러, 징크스입니다!</p><p>요즘 원딜 메타는 후반 캐리력이 정말 중요한데, 징크스는 신나게 날뛰기 시작하면(패시브 발동) 그 누구도 막을 수 없는 폭주기관차가 돼요. 긴 사거리와 광역 딜링으로 앞라인부터 차근차근 녹여버리는 쾌감이 엄청나답니다! 서포터의 케어만 조금 받는다면 후반 한타는 징크스 혼자서 다 정리할 수 있어요. 연승 마려우신 원딜러 사장님들, 오늘 밤은 무조건 징크스입니다! 💣</p><br><br><p>자, 오늘 이렇게 <strong>롤 요즘좋은챔피언추천 3가지</strong>를 아주 알차게 알아봤는데 어떠셨나요?!</p><p>역시 게임은 이겨야 제맛이잖아요?! 오늘 퇴근하시고 제가 추천해 드린 챔피언으로 협곡에서 시원하게 연승 달려보세요! 가시기 전에 공감이랑 댓글 달아주시면 제 사랑을 듬뿍 드릴게요~❤️ 오늘도 즐겜하시고, 다음에도 더 유용한 꿀팁으로 찾아올게요! 안녕~! 🙌</p>', 5, '리그오브레전드', 'BLOG', 1, '롤 요즘좋은챔피언추천 3가지 ');
INSERT INTO public.content_logs VALUES (7, 'BLOG', '2026-05-21 21:59:00.767628', '<p>안녕하세요 사장님들~! 💖 오늘도 여러분의 게임 라이프를 든든하게 책임지러 온 컨텐츠 메이커이자 친근한 인스타사장님입니다! 🙋‍♂️✨</p><br><p>요즘 미드 라인 서면서 ''아.. 라인전 너무 지루하다'', ''내가 판을 메이킹하고 싶다!'' 하시는 사장님들 정말 많으시죠? 그런 고민을 단번에 해결해 줄 오늘의 치트키 챔피언! 바로 귀염둥이 <strong>미드 누누와 윌럼프</strong>입니다! ❄️</p><br><p>누누는 강력한 라인 클리어와 어마무시한 로밍력으로 상대 미드를 미치게 만드는 매력적인 챔피언인데요. 오늘 저 인스타사장님이 아주 쉽게 따라 할 수 있는 <strong>미드누누공략법</strong>과 꼭 알고 가셔야 할 <strong>미드누누 중요한포인트 3가지</strong>를 싹 다 정리해 드릴게요! 꿀팁 방출하니까 집중하세요~! 👇</p><br><br><h3>🎈 POINT 1. 굴려라 굴려! 압도적인 라인 클리어와 로밍 타이밍</h3><p>미드 누누의 핵심은 라인전에서 상대를 솔킬 따는 게 아니랍니다! 바로 W(데굴데굴 눈덩이!)를 활용한 <strong>초고속 라인 클리어와 로밍</strong>이에요.</p><br><p>미니언이 오기 전 미리 아군 포탑 뒤에서부터 눈덩이를 굴려 와서 원거리 미니언에 쾅! 박아주면? 라인 클리어는 단 몇 초 만에 끝이 난답니다. 그렇게 남은 시간에 바텀이나 탑으로 무섭게 달려가는 거예요. 상대 미드는 포탑 골드 받아먹느라 정신없고, 우리 팀 바텀은 누누의 합류로 더블킬을 따내는 마술을 경험하게 되실 거예요! 😍</p><br><br>[IMAGE_HERE]<br><br><h3>🎈 POINT 2. 먹방 요정의 생존기! Q 스킬을 활용한 유지력과 오브젝트 싸움</h3><p>두 번째로 기억하셔야 할 미드누누 중요한포인트는 바로 <strong>Q(잡아먹기) 스킬을 통한 유지력</strong>입니다!</p><br><p>상대방이 포킹을 아무리 강하게 해도, 우리 누누는 미니언 한 입 냠냠 먹으면 체력이 쭉쭉 차오른답니다. 라인전 유지력이 괴물 수준이라 절대 라인전에서 밀리지 않아요. 게다가 정글러 사장님들이 가장 사랑하는 포인트! 바로 용이나 전령 싸움에서 정글러의 ''강타''와 누누의 ''Q''가 더해지면 오브젝트는 무조건 우리 차지랍니다! 상대 정글러 울면서 돌아가게 만들 수 있어요. 😉</p><br><br><h3>🎈 POINT 3. 부쉬 속의 핵폭탄! 시야 장악과 궁극기 대박 노리기</h3><p>마지막 세 번째 꿀팁! 누누의 꽃은 바로 <strong>궁극기 ''절대 영도(R)''</strong>죠!</p><br><p>상대방에게 시야가 없는 부쉬(수풀) 속에 숨어서 궁극기를 시전하면, 상대방은 궁극기 범위 안에서 이속이 느려지는데도 왜 느려지는지 모르고 당하게 된답니다. 일명 ''부쉬 핵폭탄''! 제어 와드를 꼭 들고 다니시면서 시야를 차단하고 부쉬 낚시를 시도해 보세요. 한타 때 이거 한 번만 제대로 터지면 그 판은 그냥 캐리 확정이랍니다~! 💣</p><br><br><p>오늘 알려드린 <strong>미드누누공략법</strong>과 <strong>미드누누 중요한포인트 3가지</strong>만 완벽히 숙지하셔도 사장님들의 티어는 수직 상승할 거라고 장담합니다! 🚀</p><br><p>오늘도 유익하셨다면 공감과 댓글 꼭 남겨주시고요! 저 인스타사장님은 다음에 더 핫하고 알찬 게임 정보로 찾아올게요~ 오늘도 승리하는 하루 보내세요! 빠이빠이~! ❄️💖</p>', 5, '미드누누공략법', 'BLOG', 1, '미드누누 중요한포인트 3가지');
INSERT INTO public.content_logs VALUES (8, 'BLOG', '2026-05-21 22:40:53.808293', '<p>안녕하세요 사장님들~!! 비 소식이 잦은 요즘, 다들 빨래는 어떻게 하고 계시나요? ☔ 날씨가 우중충하면 기분도 축 처지는데, 빨래 바구니에 쌓여가는 빨래를 보면 한숨부터 나오시죠? 😭 특히 공들여 빨았는데 마르고 나면 스멀스멀 올라오는 그 지독한 쉰내... 진짜 상상만 해도 스트레스잖아요!</p><p>그래서 오늘은 인스타 사장님이 야심 차게 준비했답니다! 장마철에도 건조기 없이 뽀송뽀송하고 향기 가득하게 <strong>비올때 빨래잘하는법</strong>! 일상에서 바로 써먹을 수 있는 특급 꿀팁들만 모아서 방출해 드릴 테니 눈 크게 뜨고 따라와 주세요! 👀✨</p><br><br><h3>💡 1. 세탁기 돌릴 때 식초 한 스푼의 기적!</h3><p>비가 올 때는 공기 중 습도가 높아서 빨래가 마르는 데 시간이 오래 걸려요. 이 과정에서 세균과 곰팡이가 번식하면서 쉰내가 나게 되는 거랍니다. 🦠</p><p>이럴 때 아주 간단하면서도 확실한 해결책이 있어요! 바로 마지막 헹굼 단계에서 <strong>식초를 한두 스푼</strong> 넣어주는 거예요. 식초의 산성 성분이 살균 효과를 내서 세균 번식을 막아주고 냄새를 싹 잡아준답니다! 식초 냄새는 빨래가 마르면서 다 날아가니 걱정 안 하셔도 돼요. 헹굼 시 구연산을 사용하시는 것도 강력 추천드려요! 👍</p><br><br><h3>💡 2. 빨래 건조대 배치와 ''신문지'' 활용법</h3><p>세탁을 마쳤다면 말리는 과정이 정말 중요한 거 아시죠? 비올때 빨래잘하는법의 핵심은 바로 건조대 주변의 ''습도''를 낮추는 것입니다!</p><p>빨래를 건조대에 널 때는 옷과 옷 사이 간격을 최대한 넓게 벌려주세요. 바람이 통할 수 있는 길을 만들어주는 거죠! 그리고 빨래 건조대 밑에 <strong>신문지</strong>를 넓게 펴서 깔아두거나, 빨래 사이사이에 신문지를 걸어두면 신문지가 주변 습기를 빨아들여 훨씬 빠르게 건조된답니다. 선풍기나 서큘레이터를 건조대 방향으로 회전시켜 두는 것도 잊지 마세요! 🌀</p><br><br>[IMAGE_HERE]<br><br><h3>💡 3. 세탁조 청소는 필수 중의 필수!</h3><p>아무리 좋은 세제를 쓰고 꿀팁을 활용해도, 세탁기 자체가 더러우면 소용없다는 사실 알고 계셨나요? 😱 특히 습도가 높은 날씨에는 세탁기 내부의 곰팡이가 더욱 활개를 친답니다.</p><p>한 달에 한 번은 전용 세탁조 클리너나 베이킹소다+과탄산소다 조합으로 세탁조를 깨끗이 청소해 주셔야 해요. 세탁 후에는 항상 세탁기 문과 세제 투입구를 활짝 열어 물기를 말려주는 센스! 사장님들, 요 작은 습관 하나가 빨래 삶의 질을 확 바꿔준답니다. 😉</p><br><br><p>오늘 알려드린 <strong>비올때 빨래잘하는법</strong> 어떠셨나요? 생각보다 너무 간단하죠? 💖 이제 비 오는 날에도 빨래 걱정 없이 매일매일 뽀송하고 상쾌한 하루 보내시길 바랄게요! 이번 포스팅이 도움이 되셨다면 공감과 댓글 꾹~ 남겨주시는 것도 잊지 마세요! 다음에 더 유용한 생활 꿀팁으로 찾아올게요~ 안녕! 🙋‍♀️✨</p>', 3, '비올때 빨래하는법', 'BLOG', 1, '비올때 빨래잘하는법');
INSERT INTO public.content_logs VALUES (9, 'BLOG', '2026-05-27 19:55:07.648373', '<p>안녕하세요 사장님들~!!💖 오늘 하루도 정말 고생 많으셨죠? 대박 기운 팍팍 불어넣어 드리는 인스타 사장님 컴백입니다! 😆✨</p><br><p>요즘 날씨도 선선하니 퇴근길만 되면 왜 이렇게 맥주 한 잔에 바삭~한 치킨이 당기는지 모르겠어요! (저만 그런 거 아니죠? 😂) 매일 하는 ''오늘 뭐 먹지?'' 고민을 싹 해결해 드리기 위해, 오늘은 제가 직접 먹어보고 정착한 <strong>진짜 맛있는 치킨 브랜드 3가지</strong>를 준비했답니다! 꿀팁도 가득 담았으니 끝까지 집중해 주세요! 🔥</p><br><br><p><strong>1. 단짠의 정석, 교촌치킨 ''허니콤보'' 🍯</strong></p><p>첫 번째 추천은 두말하면 입 아픈 국민 치킨, 교촌치킨의 ''허니콤보''입니다! 얇고 바삭한 튀김옷에 달콤 짭조름한 허니 소스가 듬뿍 발려 있어서 한 입 먹으면 바로 스트레스가 사르르 녹아내려요~!! 😍 특히 퍽퍽살 싫어하시는 사장님들께 날개와 다리만 모아둔 콤보 구성은 그야말로 사랑입니다...❤️ 엽기떡볶이랑 같이 시켜서 소스에 찍어 먹으면 맵단짠 조합으로 천국을 맛볼 수 있다는 사실! 다들 메모해 두세요! 📝</p><br>[IMAGE_HERE]<br><br><p><strong>2. 치즈 시즈닝의 전설, BHC ''뿌링클'' 🧀</strong></p><p>두 번째는 마법의 가루로 전 국민의 입맛을 사로잡은 BHC ''뿌링클''입니다! 갓 튀겨낸 바삭한 치킨 위에 블루치즈, 체다치즈, 양파, 마늘이 믹스된 시즈닝이 아낌없이 뿌려져 있어서 한 입 베어 물면 풍미가 폭발해요! 💥 여기에 새콤달콤한 ''뿌링뿌링 소스''를 아낌없이 푹~ 찍어 먹는 게 완전 신의 한 수인 거 아시죠? 짭조름하면서도 고소해서 아이들 간식으로도, 맥주 안주로도 이만한 게 없답니다! 👍</p><br><p><strong>3. 구워서 더 바삭한, 굽네치킨 ''고추바사삭'' 🌶️</strong></p><p>마지막은 튀긴 치킨이 조금 부담스러울 때 강력 추천하는 굽네치킨의 ''고추바사삭''입니다! 기름에 튀기지 않고 오븐에 구웠는데도 겉은 어쩜 이렇게 바삭한지...! 은은하게 퍼지는 청양고추의 매콤함 덕분에 느끼할 틈이 전혀 없어요~ 😋 함께 오는 마블링 소스와 고블링 소스의 매력이 또 엄청나답니다! 다이어트 중인데 치킨이 너무 당긴다? 그렇다면 주저 없이 고추바사삭으로 가시는 걸 추천드려요! 🏃‍♂️💨</p><br><br><p>오늘 추천해 드린 3가지 브랜드 치킨, 보기만 해도 군침이 싹 돌지 않으시나요? 🤤 오늘 저녁은 고생한 나를 위한 선물로 맛있는 치킨 한 마리 주문해 보시는 건 어떨까요? 사장님들 모두 맛있는 야식 드시고 내일도 힘차게 대박 나시길 응원할게요! 팅동댕~ 대박 기운 팍팍! 전해드립니다! 💖🌟</p>', 6, '맛있는치킨추천3가지', 'BLOG', 2, '브랜드3개추천글작성해줘');
INSERT INTO public.content_logs VALUES (10, 'BLOG', '2026-05-28 20:17:13.775801', '<p>안녕하세요 사장님들~!! 💖 인스타하는 영화 덕후, 여러분의 친근한 컨텐츠 메이커 사장님입니다! 주중 내내 열심히 달리시느라 정말 고생 많으셨어요~ (토닥토닥) 👍</p><p>벌써 푸르른 5월도 막바지를 향해 달려가고 있네요! 날씨가 화창해서 나들이 가기도 좋지만, 한낮의 뜨거운 햇살을 피해 시원~한 에어컨 바람 쐬며 영화관에서 팝콘 먹는 것만큼 확실한 힐링이 없잖아요? ㅎㅎ</p><p>그래서 오늘은 우리 사장님들의 소중한 주말 시간을 완벽하게 책임져줄 <strong>''26년 5월 4주차 볼만한 영화 추천''</strong> 리스트를 야심 차게 들고 왔답니다! 데이트 코스 고민 중이시거나 혼자만의 힐링 시간이 필요하시다면 오늘 포스팅 딱 주목해 주세요! 꿀팁 방출합니다~! 🚀</p><br><p>[IMAGE_HERE]</p><br><h3>✨ 1. 압도적인 비주얼의 SF 대작 - &lt;네오 오디세이: 인류의 여정&gt;</h3><p>첫 번째로 추천해 드릴 영화는 극장의 큰 스크린과 빵빵한 사운드로 즐겨야 제맛인 SF 초대형 블록버스터 <strong>&lt;네오 오디세이&gt;</strong>입니다! 🌌</p><p>우주선 내부의 디테일한 묘사부터 미지의 행성 비주얼까지, 정말 눈을 뗄 수 없을 정도로 화려한 그래픽을 자랑하는데요. 26년 5월 4주차 볼만한 영화 중에서도 단연 ''아이맥스(IMAX) 강추''작으로 입소문이 자자하답니다!</p><p><strong>💡 사장님의 관람 꿀팁:</strong> 이 영화는 무조건 중앙 블록 뒷열 좌석을 예매하세요! 시야가 꽉 차서 마치 내가 진짜 우주선에 탑승한 것 같은 몰입감을 느끼실 수 있어요. 🚀</p><br><h3>✨ 2. 연인과 함께 보면 사랑이 2배! 로맨틱 코미디 - &lt;우연히 봄, 그리고 너&gt;</h3><p>두 번째 추천작은 늦봄 감성에 딱 어울리는 달달한 로코 영화 <strong>&lt;우연히 봄, 그리고 너&gt;</strong>입니다! 🌸</p><p>스토리 자체는 뻔할 것 같지만, 주연 배우들의 미친 케미와 톡톡 튀는 대사 덕분에 러닝타임 내내 입가에 미소가 떠나지 않는 작품이에요. 썸 타는 사이라면 연인으로 발전할 수밖에 없는 마법 같은 치트키 영화랄까요? ㅎㅎ</p><p><strong>💡 사장님의 관람 꿀팁:</strong> 달콤한 맛 팝콘에 상큼한 에이드 한 잔씩 들고 들어가면 로맨틱한 분위기 완성! 영화 끝나고 나와서 밤거리 걸으며 수다 떨기 딱 좋은 가벼운 여운을 줍니다.</p><br><h3>✨ 3. 심장 쫄깃! 명품 연기파 배우들의 심리 스릴러 - &lt;사라진 밤의 목격자&gt;</h3><p>마지막으로 추천해 드릴 영화는 한순간도 긴장의 끈을 놓을 수 없는 웰메이드 추리 스릴러 <strong>&lt;사라진 밤의 목격자&gt;</strong>입니다! 👤</p><p>반전에 반전을 거듭하는 탄탄한 시나리오와 명품 조연들의 연기력이 그야말로 미쳤습니다! 관객 피드백도 엄청나고, 평점도 고공행진 중이라 심리전이나 추리 장르 좋아하시는 사장님들께 강력 추천해 드립니다.</p><p><strong>💡 사장님의 관람 꿀팁:</strong> 초반 스쳐 지나가는 단서들을 잘 기억해 두세요! 결말을 맞닥뜨렸을 때 그 소름 돋는 카타르시스가 배가 된답니다!</p><br><p>자, 오늘 사장님이 준비한 <strong>26년 5월 4주차 볼만한 영화 추천</strong> 리스트 어떠셨나요? 😆</p><p>바쁜 일상 속에서 잠시 벗어나 영화 한 편과 함께하는 달콤한 휴식이 우리 사장님들께 큰 에너지가 되었으면 좋겠습니다. 이번 주말 어떤 영화를 볼지 결정하셨다면 댓글로 마구마구 공유해 주세요! ❤️</p><p>그럼 모두 행복하고 힐링 가득한 주말 보내시길 바랄게요! 안녕~! 🙋‍♂️✨</p>', 7, '볼만한영화', 'BLOG', 4, '26년5월4주차 볼만한 영화 추천하는글작성해줘');
INSERT INTO public.content_logs VALUES (11, 'BLOG', '2026-05-28 20:26:43.539154', '<p>안녕하세요 사장님들~! 에너지가 뿜뿜 넘치는 금요일에 인사드리는 컨텐츠 메이커이자 여러분의 든든한 동반자, 인스타사장님입니다! 😍</p><p>요즘 날씨도 선선해지고, 매장 분위기 전환하고 싶어서 고민 많으시죠? 인테리어를 바꾸기는 부담스럽고, 손님들 기분은 업! 시켜주고 싶을 때 가장 쉽고 확실한 방법이 뭔지 아시나요? 바로 <strong>''매장 음악''</strong>을 바꾸는 거랍니다!</p><p>오늘 제가 우리 센스 넘치는 사장님들을 위해, 트렌디함의 끝판왕이자 들으면 내적 댄스 폭발하는 <strong>요즘 핫한 아이돌노래</strong> 리스트를 싹~ 정리해서 가져왔어요! 꿀팁 대방출할 테니 눈 크게 뜨고 따라오세요! 💖</p><br><p><strong>1. 에스파 (aespa) - ''Supernova'' & ''Armageddon'' 💫</strong></p><p>말해 뭐해! 지금 대한민국에서 가장 힙한 노래를 꼽으라면 단연 에스파죠! ''쇠맛'' 가득한 비트가 흘러나오는 순간, 매장이 순식간에 성수동 힙플레이스로 변신한답니다. 20대 젊은 고객층이 많은 카페나 펍, 혹은 편집숍을 운영하시는 사장님들께 강력 추천해 드려요! 매장의 세련된 감도를 한 층 올려줄 거예요.</p><br><p><strong>2. 뉴진스 (NewJeans) - ''How Sweet'' & ''Bubble Gum'' 🎈</strong></p><p>뉴진스 특유의 이지리스닝 감성은 남녀노소 호불호가 전혀 갈리지 않는 치트키죠! 청량하고 시원한 비트 덕분에 매장에 머무는 손님들의 기분까지 상쾌하게 만들어준답니다. 실제로 저도 오프라인 매장 돌 때 이 노래가 나오면 괜히 더 오래 머물고 싶더라고요. 식음료 매장이나 뷰티숍 사장님들, 이 곡은 무조건 재생 목록에 넣으셔야 합니다!</p><br>[IMAGE_HERE]<br><p><strong>3. 아이브 (IVE) - ''해야 (HEYA)'' ☀️</strong></p><p>웅장하면서도 중독성 넘치는 멜로디가 매력적인 곡이에요! 귀에 착착 감기는 가사 덕분에 일하다가 사장님들도 모르게 흥얼거리게 되는 마법의 노래랍니다. 활기찬 에너지를 전달하고 싶을 때 틀어두면 매장 회전율도 덩달아 올라가는 기적을 경험하실 수 있어요!</p><br><p><strong>4. 아일릿 (ILLIT) - ''Magnetic'' 🧲</strong></p><p>요즘 숏폼에서 이 노래 모르면 간첩이죠? 통통 튀는 플럭 사운드와 귀여운 보컬이 귀를 단번에 사로잡는 곡이랍니다. 트렌드에 민감한 1020 고객들이 매장에 들어왔을 때 이 노래가 나오면 "어? 사장님 센스 대박!" 소리 바로 들으실 수 있어요. 매장 인스타 스토리 올릴 때 배경음악(BGM)으로 활용해도 정말 반응이 핫하답니다!</p><br><p><strong>💡 인스타사장님이 알려주는 매장 음악 매칭 꿀팁!</strong></p><p>무작정 트렌디한 노래만 크게 틀어두면 오히려 독이 될 수 있어요! <br>- <strong>오전~오후 시간대</strong>에는 뉴진스나 아일릿처럼 청량하고 편안한 이지리스닝 곡 위주로!<br>- <strong>손님이 붐비는 저녁 시간대</strong>에는 에스파나 아이브처럼 비트가 강하고 신나는 곡으로 텐션을 UP! 시켜보세요.<br>작은 디테일 하나가 손님의 체류 시간을 늘리고, 결국 매출 상승으로 이어진다는 사실! 꼭 기억해 주세요.</p><br><p>오늘 소개해 드린 <strong>요즘 핫한 아이돌노래</strong> 플레이리스트 어떠셨나요? <br>우리 사장님들의 매장에 기분 좋은 음악 소리와 함께 손님들의 발길이 끊이지 않기를 진심으로 응원합니다! 🔥</p><p>포스팅이 도움이 되셨다면 <strong>공감과 댓글, 이웃추가</strong> 꾹 눌러주시는 센스! 아시죠? 다음에도 대박 나는 꿀정보 들고 찾아올게요. 오늘도 번창하세요 사장님들~! 🚀</p>', 8, '아이돌', 'BLOG', 4, '요즘 핫한 아이돌노래');
INSERT INTO public.content_logs VALUES (12, 'BLOG', '2026-05-28 20:49:04.245412', '<p>안녕하세요 이웃님들, 그리고 매일 열정 넘치게 살아가시는 우리 사장님들~! ✨ 오늘 하루도 기분 좋게 시작하셨나요? 😊</p><br><p>지치고 따분한 일상 속에서 우리에게 가장 빠르고 강력하게 에너지를 불어넣어 주는 건 역시 <strong>''신나는 음악''</strong>이 아닐까 싶어요! 특히 톡톡 튀는 멜로디와 청량한 보컬이 어우러진 K-POP 아이돌 노래는 언제 들어도 심장을 바운스 바운스~ 하게 만들죠! 💖</p><br><p>최근 들어 제 주변에서도 <strong>"요즘 들을 만한 힙하고 트렌디한 노래 없을까? 좋은 아이돌노래추천해줘!"</strong> 라고 말씀하시는 분들이 정말 많아졌답니다. 그래서 블로그 상위 노출 전문 컨텐츠 메이커인 제가 그냥 지나칠 수 없었죠! 😎</p><br><p>귀가 닳도록 들으며 검증한, <strong>듣자마자 귀가 개안하고 텐션이 우주 끝까지 폭발하는 명곡 플레이리스트</strong>를 전격 공개합니다! 유용한 감상 꿀팁도 가득 담았으니 눈 크게 뜨고 따라오세요~! 🔥</p><br>[IMAGE_HERE]<br><h3>🎧 1. 뉴진스(NewJeans) - ''Hype Boy''</h3><p>첫 번째 곡은 두말하면 잔소리인 청량함의 아이콘, 뉴진스의 하입보이입니다! 도입부의 독특한 신스 사운드가 들리는 순간, 이미 내 몸은 비트를 타고 있죠. 💃 일할 때나 가벼운 드라이브를 할 때 잔잔하게 틀어놓아도 전혀 질리지 않는 최고의 이지리스닝 곡이라 강력 추천합니다!</p><br><h3>🎧 2. 세븐틴(SEVENTEEN) - ''아주 NICE''</h3><p>오후 시간, 슬슬 잠이 몰려오고 집중력이 떨어지시나요? 그렇다면 이 곡이 정답입니다! 폭발적인 브라스 사운드와 시원시원한 보컬 덕분에 듣는 것만으로도 피로가 싹 가시고 활력이 200% 충전되는 기분을 느끼실 수 있답니다! 오늘 퇴근길 텐션 업용으로 딱이에요! 👍</p><br><h3>🎧 3. 데이식스(DAY6) - ''한 페이지가 될 수 있게''</h3><p>청춘의 한 페이지를 그대로 음악으로 옮겨 담은 듯한 벅찬 감동을 주는 곡이에요. 신나는 밴드 사운드와 함께 "아름다운 청춘의 한 장을 함께 써 내려가자"라는 희망찬 가사가 가슴을 뜨겁게 울린답니다. 무언가 새로운 도전을 시작하시는 사장님들께 강추해 드려요! 🚀</p><br><h3>🎧 4. 에스파(aespa) - ''Supernova''</h3><p>요즘 트렌드의 정점을 달리고 있는 에스파의 중독성 강한 곡입니다! 독특한 ''쇠맛'' 비트와 힙한 래핑이 귓가를 맴돌아서 무한 반복 재생을 부르는 마성의 노래죠. 헬스장에서 런닝머신 뛸 때 이 곡을 들으면 지치지 않고 달릴 수 있는 신기한 경험을 하실 수 있어요! 🏃‍♂️</p><br><h3>🎧 5. 아이브(IVE) - ''I AM''</h3><p>"내가 가는 길에 확신을 가져!" 자존감을 우주 끝까지 끌어올려 주는 주체적이고 당당한 메시지의 곡이랍니다. 폭발적인 고음과 세련된 멜로디 라인이 일품이라, 아침 출근길에 들으면 오늘 하루 어떤 난관도 다 헤쳐 나갈 수 있을 것 같은 자신감이 뿜뿜 샘솟는답니다! 😎</p><br><p><strong>💡 여기서 컨텐츠 메이커의 꿀팁 방출합니다! 💡</strong></p><p>이 노래들을 들으실 때는 유튜브에서 <i>''Stage Mix(교차편집)''</i> 영상이나 <i>''교차편집 60fps''</i> 영상을 검색해서 함께 감상해 보세요! 화려한 무대 연출과 아이들의 칼군무를 눈과 귀로 동시에 즐기면 도파민이 마구 솟구치는 신세계를 경험하실 수 있답니다! 🎬</p><br><p>오늘 제가 준비한 ''아이돌노래추천해줘'' 플레이리스트, 마음에 쏙 드셨나요? 여러분만의 최애 아이돌 숨은 명곡이 있다면 댓글로 아낌없이 공유해 주세요! 그럼 오늘도 신나는 음악과 함께 기분 좋은 하루 보내시길 바랄게요~ 안녕! 💘</p>', 8, '아이돌 노래추천', 'BLOG', 4, '아이돌노래추천해줘');
INSERT INTO public.content_logs VALUES (13, 'BLOG', '2026-06-06 15:09:54.287728', '<p>안녕하세요. 비즈니스와 문화를 분석하고 가치 있는 콘텐츠를 제안하는 전문 컨텐츠 메이커입니다.</p><p>계절의 변화가 완연해지는 6월은 야외 활동의 증가와 더불어, 극장가 역시 여름 성수기를 앞두고 가장 뜨거운 경쟁이 펼쳐지는 시기입니다. 최근 관객들의 소비 패턴을 분석해 보면, 단순히 시간을 보내기 위한 관람을 넘어 영화가 주는 시각적 압도감과 깊은 메시지를 동시에 추구하는 경향이 뚜렷해지고 있습니다.</p><p>이에 따라 많은 대중분들께서 <strong>"6월 영화추천해줘"</strong>라며 신뢰할 수 있는 작품 큐레이션을 요청하고 계십니다. 오늘 포스팅에서는 시장의 트렌드 분석과 대중성, 그리고 작품성을 고루 갖춘 올여름 최고의 기대작들을 정교하게 분석하여 소개해 드립니다.</p><br><br>[IMAGE_HERE]<br><br><p><strong>1. 감정의 확장과 깊은 공감, 애니메이션의 명가 디즈니·픽사의 복귀</strong></p><p>첫 번째로 주목할 세그먼트는 전 세대를 아우르는 감성 자극형 콘텐츠입니다. 특히 이번 6월에 개봉하는 애니메이션 대작은 인간의 보편적인 내면 변화를 시각적으로 가장 완벽하게 시각화했다는 평을 받고 있습니다.</p><p>사춘기에 접어든 주인공의 내면 변화를 새로운 감정 캐릭터들(불안, 당황, 따분, 부럽)을 통해 묘사하며, 현대인들이 겪는 정서적 고충을 따뜻한 위로로 풀어냅니다. 마케터의 관점에서 이 작품은 타겟층의 폭이 매우 넓고, 관람 후 SNS를 통한 자발적 구전 효과(Viral)가 가장 강력할 것으로 예상되는 핵심 킬러 콘텐츠입니다.</p><br><p><strong>2. 스펙터클과 시네마틱 경험의 극대화, 액션 블록버스터</strong></p><p>대형 스크린과 특수관(IMAX, 4DX)에서만 느낄 수 있는 극대화된 시각 효과를 원하신다면, 황폐한 미래를 배경으로 한 강렬한 액션 서사시를 추천합니다.</p><p>독창적인 세계관과 압도적인 미장센은 관객들에게 단순한 관람을 넘어 하나의 ''체험''을 선사합니다. 특히 사운드 디자인과 카메라 워크의 고도화된 기술력은 홈 시네마(OTT)가 대체할 수 없는 영화관 본연의 가치를 재확인시켜 줄 것입니다. 압도적인 몰입감을 최우선 가치로 두는 관객분들에게 후회 없는 선택이 될 것입니다.</p><br><p><strong>3. 탄탄한 내러티브와 깊은 여운을 남기는 웰메이드 드라마</strong></p><p>화려한 액션보다 정교하게 설계된 각본과 배우들의 고밀도 연기 대결을 선호하시는 관객층을 위한 작품도 준비되어 있습니다.</p><p>일상의 이면에 숨겨진 미스터리를 추적하거나 인간관계의 미묘한 균열을 다룬 한국형 웰메이드 드라마 장르는 6월 극장가에 묵직한 무게감을 더해줍니다. 관람이 끝난 후에도 지속적인 토론과 해석을 유도하여, 지적 유희를 즐기는 관객들에게 깊은 만족감을 선사할 것입니다.</p><br><br><p><strong>종합 제언 및 관람 팁</strong></p><p>오늘 제안해 드린 영화들은 각각의 장르적 특성과 소구 포인트가 매우 명확한 작품들입니다. 본인의 취향과 관람 목적(가족 동반, 데이트, 솔로 힐링)에 맞춰 선택하신다면, 실패 없는 문화생활을 즐기실 수 있을 것입니다.</p><p>트렌디하고 가치 있는 선택을 위해 <strong>"6월 영화추천해줘"</strong>를 검색하신 스마트한 관객 여러분께 본 가이드가 유용한 지표가 되었기를 바랍니다. 더욱 유익하고 정교한 문화 콘텐츠 분석으로 다시 찾아뵙겠습니다. 감사합니다.</p>', 4, '6월 영화추천 [신뢰감마케터]', 'BLOG', 1, '6월 영화추천해줘');
INSERT INTO public.content_logs VALUES (15, 'BLOG', '2026-06-06 15:11:36.48994', '<p>안녕하세요, 러블리들! ✨</p><p>벌써 싱그러운 초록이 가득한 6월이 찾아왔네요.<br>요즘 부쩍 낮에는 덥고, 저녁에는 선선한 바람이 불어서 괜히 마음이 몽글몽글해지는 것 같아요. 🌿</p><p>비가 촉촉하게 내리는 날이나, 나른한 주말 오후에 이불 속에 쏙 들어가서 맛있는 커피 한 잔이랑 영화 한 편 보는 것만큼 완벽한 힐링이 없잖아요?</p><p>그래서 오늘은 많은 분들이 댓글로 물어보셨던 <strong>"6월 영화추천해줘!"</strong>에 대한 답장을 들고 왔답니다. <br>인스타 감성 낭낭하고, 여운이 깊게 남는 제 인생 영화들로만 쏙쏙 골라왔으니 채널 고정해 주세요! 😉💖</p><br><p>[IMAGE_HERE]</p><br><h3>1. 🎬 퍼펙트 데이즈 (Perfect Days, 2023)</h3><p><strong>"매일이 평범하지만, 그래서 더 특별한 하루하루"</strong></p><p>첫 번째로 소개해 드릴 영화는 요즘 제 최애 감독인 빔 벤더스의 ''퍼펙트 데이즈''예요.<br>도쿄의 공공화장실 청소부 ''히라야마''의 잔잔한 일상을 담은 영화인데요.</p><p>매일 아침 눈을 떠서 화분에 물을 주고, 올드팝 카세트테이프를 들으며 출근하는 그의 모습을 보고 있으면 마음이 참 평온해져요.<br>바쁘게 흘러가는 현대 사회에서 ''진짜 행복이 뭘까?'' 생각하게 만드는, 그야말로 6월의 싱그러움과 너무나도 잘 어울리는 힐링 영화랍니다. 🍃✨</p><br><h3>2. 🎬 패스트 라이브즈 (Past Lives, 2024)</h3><p><strong>"우리가 놓쳐버린 인연, 그리고 다가올 인연에 대하여"</strong></p><p>두 번째는 뉴욕의 가을밤이 떠오르는, 하지만 아련한 여름날의 온도도 품고 있는 ''패스트 라이브즈''입니다.<br>서울에서 어린 시절을 보낸 두 남녀가 24년 만에 뉴욕에서 재회하는 이야기를 담고 있어요.</p><p>''인연''이라는 단어를 이렇게 세련되고 감성적으로 풀어낼 수 있을까요?<br>영화가 끝나고 나면 한동안 멍하니 화면을 바라보게 될 정도로 긴 여운을 남긴답니다.<br>차분한 새벽에 혼자 와인 한 잔 곁들이면서 보시길 강력 추천해 드려요. 🍷🌙</p><br><h3>3. 🎬 비포 선라이즈 (Before Sunrise, 1995)</h3><p><strong>"단 하루, 유럽 여행 중 만난 운명 같은 사랑"</strong></p><p>마지막은 언제 봐도 설레는 제 인생 로맨스 영화 ''비포 선라이즈''입니다.<br>빈으로 향하는 기차 안에서 우연히 만난 제시와 셀린느의 단 하루 동안의 이야기를 그리고 있어요.</p><p>두 주인공이 끊임없이 대화를 나누는 모습만으로도 100분이 어떻게 가는지 모를 정도로 몰입감이 엄청나요.<br>유럽의 빈티지한 골목길 감성과 낭만적인 여름밤의 공기를 그대로 느낄 수 있어서, 6월에 다시 꺼내보기 딱 좋은 필름이랍니다. ☕️🍂</p><br><p>오늘 소개해 드린 세 편의 영화, 어떠셨나요?<br>이번 주말에는 좋아하는 향초 하나 켜두고, 제가 추천해 드린 영화와 함께 깊은 감성에 빠져보시는 건 어떨까요? ✨</p><p>더 많은 감성 일상이 궁금하시다면 이웃 추가와 좋아요 꾹 눌러주세요!<br>그럼 우린 다음 포스팅에서 또 만나요, 안녕- 🤍</p><p><br>#6월영화추천해줘 #영화추천 #인생영화 #감성영화 #홈시네마 #주말힐링 #영화리뷰 #영화스타그램 #퍼펙트데이즈 #패스트라이브즈 #비포선라이즈 #감성인플루언서</p>', 4, '6월 영화추천 [감성적인 인스타 셀럽]', 'BLOG', 1, '6월 영화추천해줘');
INSERT INTO public.content_logs VALUES (16, 'BLOG', '2026-06-06 15:12:22.947523', '<p>안녕하세요. 객관적인 정보를 전달하는 콘텐츠 에디터입니다. 기온이 점차 상승하는 6월은 계절의 변화와 함께 극장가에도 다양한 장르의 기대작들이 대거 포진하는 시기입니다. 야외 활동 대신 쾌적한 실내 공간에서 문화생활을 즐기고자 계획하시는 분들이 많을 것으로 생각됩니다.</p><p>실제로 최근 검색 트렌드를 살펴보면 "<strong>6월 영화추천해줘</strong>"라는 질의가 눈에 띄게 증가하고 있습니다. 오늘은 이러한 수요를 바탕으로, 2024년 6월 극장가에서 주목해야 할 화제작 3편의 객관적인 정보를 정리해 드리겠습니다. 관람 계획 수립에 참고하시기 바랍니다.</p><br><p><strong>1. 인사이드 아웃 2 (Inside Out 2)</strong><br>- 개봉일: 2024년 6월 12일<br>- 장르: 애니메이션, 판타지, 코미디<br>- 감독: 켈시 만<br>- 주요 내용: 디즈니·픽사의 대표작 중 하나인 ''인사이드 아웃''의 후속작입니다. 사춘기에 접어든 주인공 ''라일리''의 머릿속 감정 컨트롤 본부에 ''불안'', ''당황'', ''따분'', ''질투'' 등 새로운 감정들이 합류하며 벌어지는 갈등과 성장을 다룹니다. 기존의 고정 감정인 기쁨, 슬픔, 분노, 까칠, 소심과의 시너지가 관전 포인트입니다.</p><br>[IMAGE_HERE]<br><p><strong>2. 하이재킹 (Hijackry)</strong><br>- 개봉일: 2024년 6월 21일<br>- 장르: 서스펜스, 스릴러, 드라마<br>- 감독: 김성한<br>- 주연: 하정우, 여진구, 성동일, 채수빈<br>- 주요 내용: 1971년 대한민국 상공에서 발생한 실제 여객기 납치 사건을 모티브로 제작된 영화입니다. 여객기가 납치된 극한의 상황 속에서 승객들의 안전을 확보하기 위해 사투를 벌이는 승무원들과 파일럿들의 이야기를 사실감 있게 그렸습니다. 한국 실화 바탕의 묵직한 긴장감을 선호하는 관객에게 적합한 작품입니다.</p><br><p><strong>3. 퓨리오사: 매드맥스 사가 (Furiosa: A Mad Max Saga)</strong><br>- 개봉일: 2024년 5월 22일 (6월 현재 절찬 상영 중)<br>- 장르: 액션, SF, 모험<br>- 감독: 조지 밀러<br>- 주연: 안야 테일러 조이, 크리스 헴스워스<br>- 주요 내용: 2015년 흥행했던 ''매드맥스: 분노의 도로''의 프리퀄 작품으로, 주인공 ''퓨리오사''의 유년 시절부터 여전사로 거듭나기까지의 여정을 담고 있습니다. 황폐해진 문명 속에서 살아남기 위한 처절한 생존 투쟁과 압도적인 차량 액션 시퀀스가 특징입니다. 5월 말 개봉했으나 6월 초중반까지 흥행세를 이어갈 것으로 전망됩니다.</p><br><p>지금까지 6월 극장가를 장식할 주요 영화 정보를 정리해 드렸습니다. 애니메이션부터 실화 기반 스릴러, 포스트 아포칼립스 액션까지 취향에 따라 선택할 수 있는 폭이 넓은 편입니다. 이번 주말, 본인의 선호 장르에 맞춰 극장을 방문해 보시는 것을 권장합니다. 이상으로 6월 영화 정보 안내를 마칩니다.</p>', 4, '6월 영화추천 [간결한 정보 전달자]', 'BLOG', 1, '6월 영화추천해줘');


--
-- TOC entry 3474 (class 0 OID 16398)
-- Dependencies: 220
-- Data for Name: contents; Type: TABLE DATA; Schema: public; Owner: postgres
--

INSERT INTO public.contents VALUES (12, '<p>안녕하세요 사장님들~ 그리고 사랑하는 이웃님들! 💖 오늘도 에너제틱하게 하루를 시작하고 계신가요? 쌩쌩한 에너지를 전파하러 찾아온 컨텐츠 메이커입니다! 🙌</p><p>벌써 6월이라니 시간 정말 빠르죠! ☀️ 날씨가 슬슬 후끈해지는데, 이럴 때 가장 완벽한 피서지는 어디일까요? 맞습니다, 바로 시원~한 에어컨 바람이 빵빵하게 나오는 영화관이죠! 😎✨</p><br><p>요즘 제 주변에서도 <strong>"6월 영화추천해줘!"</strong>라는 요청이 정말 빗발치고 있답니다! 그래서 블로그 최적화 전문가인 제가 여러분들의 안구와 감성을 정화해 줄 초특급 기대작들을 싹~ 정리해왔어요! 꿀팁 방출하니까 눈 크게 뜨고 따라오세요! 👀🔥</p><br><p style=''text-align: center; margin-top: 20px; margin-bottom: 5px;''>  <img src=''http://localhost:8080/uploads/2685baf1-a757-4bb5-bcf3-def945e15313.png'' style=''max-width: 100%; border-radius: 15px; box-shadow: 0 4px 8px rgba(0,0,0,0.1);'' /></p><p style=''text-align: center; color: #888; font-size: 0.9em; margin-top: 0; margin-bottom: 20px;''>  [AI가 생성한 이미지입니다]</p><br><p><strong>1. 감성 폭발! 모두가 기다린 속편 <인사이드 아웃 2> 🧠✨</strong></p><p>첫 번째로 소개해 드릴 작품은 전 세계가 사랑하는 디즈니·픽사의 메가 히트작! 바로 <인사이드 아웃 2>입니다! 이번에는 사춘기에 접어든 라일리의 머릿속에 ''불안'', ''당황'', ''따분'', ''부럽''이라는 새로운 감정들이 등장한대요! 😲</p><p>기존의 다섯 감정들과 새 감정들이 엉키며 벌어지는 소동극! 어른이들의 눈물샘을 자극할 감동 치트키가 확실하니, 휴지 꼭 챙겨가시길 바랄게요~ 😭👍</p><br><p><strong>2. 초호화 비주얼 라인업 <원더랜드> 🌸💫</strong></p><p>두 번째는 한국 영화의 자존심! 탕웨이, 수지, 박보검, 정유미, 최우식이라는 역대급 캐스팅으로 화제를 모은 <원더랜드>입니다. 세상을 떠난 가족, 연인과 영상통화로 다시 만나는 가상 세계 ''원더랜드''를 배경으로 한 감동 로맨스 SF 영화랍니다!</p><p>배우들 얼굴 합만 봐도 벌써 눈이 정화되는 느낌 아닌가요? 💖 가슴 몽글몽글해지는 서사와 감성을 느끼고 싶다면 이 영화 강력 추천합니다!</p><br><p><strong>3. 숨 막히는 긴장감 <콰이어트 플레이스: 첫째 날> 🤫👾</strong></p><p>마지막은 짜릿한 스릴을 즐기는 프로 심장 쫄깃러들을 위한 영화! 소리를 내면 괴생명체의 공격을 받는 세상의 시작을 다룬 프리퀄 영화입니다. 대도시 뉴욕이 어떻게 침묵의 도시로 변했는지 극장에서 직접 확인해 보세요!</p><p>팝콘 씹는 소리조차 눈치 보일 정도의 극강의 서스펜스를 자랑하니, 심장 약하신 분들은 주의하셔요! 😉💥</p><br><p>여기서 끝내면 섭섭하죠? <strong>영화관 알뜰 예매 꿀팁 방출합니다!</strong> ✨<br>1. 매월 마지막 주 수요일 ''문화가 있는 날'' 50% 할인 챙기기!<br>2. 통신사 VIP 멤버십 영화 무료/할인 혜택 조회하기!<br>3. 당근마켓이나 중고나라에서 대리예매 활용해 저렴하게 예매하기!</p><br><p>이 정도 꿀팁이면 이번 6월 영화 데이트는 백전백승이겠죠? 🥰 이웃님들의 최애 기대작은 무엇인가요? 댓글로 자유롭게 소통해요! 오늘 포스팅이 도움 되셨다면 공감과 댓글 꾹~ 눌러주시는 센스! 잊지 마세요~❤️</p>', 'BLOG', '2026-06-06 15:10:36.830982', 14, 4, NULL, 'READY', '6월 영화추천해줘? 고민 끝! 초여름 무더위 날려버릴 극장가 인생작 BEST 3 🎬🍿', '2026-06-06 15:10:36.830982', 1, NULL, NULL, NULL);
INSERT INTO public.contents VALUES (13, '<p>안녕하세요, 러블리들! ✨</p><p>벌써 싱그러운 초록이 가득한 6월이 찾아왔네요.<br>요즘 부쩍 낮에는 덥고, 저녁에는 선선한 바람이 불어서 괜히 마음이 몽글몽글해지는 것 같아요. 🌿</p><p>비가 촉촉하게 내리는 날이나, 나른한 주말 오후에 이불 속에 쏙 들어가서 맛있는 커피 한 잔이랑 영화 한 편 보는 것만큼 완벽한 힐링이 없잖아요?</p><p>그래서 오늘은 많은 분들이 댓글로 물어보셨던 <strong>"6월 영화추천해줘!"</strong>에 대한 답장을 들고 왔답니다. <br>인스타 감성 낭낭하고, 여운이 깊게 남는 제 인생 영화들로만 쏙쏙 골라왔으니 채널 고정해 주세요! 😉💖</p><br><p><p style=''text-align: center; margin-top: 20px; margin-bottom: 5px;''>  <img src=''http://localhost:8080/uploads/9de2446d-a8f7-4159-a06c-078e82b63fc4.png'' style=''max-width: 100%; border-radius: 15px; box-shadow: 0 4px 8px rgba(0,0,0,0.1);'' /></p><p style=''text-align: center; color: #888; font-size: 0.9em; margin-top: 0; margin-bottom: 20px;''>  [AI가 생성한 이미지입니다]</p></p><br><h3>1. 🎬 퍼펙트 데이즈 (Perfect Days, 2023)</h3><p><strong>"매일이 평범하지만, 그래서 더 특별한 하루하루"</strong></p><p>첫 번째로 소개해 드릴 영화는 요즘 제 최애 감독인 빔 벤더스의 ''퍼펙트 데이즈''예요.<br>도쿄의 공공화장실 청소부 ''히라야마''의 잔잔한 일상을 담은 영화인데요.</p><p>매일 아침 눈을 떠서 화분에 물을 주고, 올드팝 카세트테이프를 들으며 출근하는 그의 모습을 보고 있으면 마음이 참 평온해져요.<br>바쁘게 흘러가는 현대 사회에서 ''진짜 행복이 뭘까?'' 생각하게 만드는, 그야말로 6월의 싱그러움과 너무나도 잘 어울리는 힐링 영화랍니다. 🍃✨</p><br><h3>2. 🎬 패스트 라이브즈 (Past Lives, 2024)</h3><p><strong>"우리가 놓쳐버린 인연, 그리고 다가올 인연에 대하여"</strong></p><p>두 번째는 뉴욕의 가을밤이 떠오르는, 하지만 아련한 여름날의 온도도 품고 있는 ''패스트 라이브즈''입니다.<br>서울에서 어린 시절을 보낸 두 남녀가 24년 만에 뉴욕에서 재회하는 이야기를 담고 있어요.</p><p>''인연''이라는 단어를 이렇게 세련되고 감성적으로 풀어낼 수 있을까요?<br>영화가 끝나고 나면 한동안 멍하니 화면을 바라보게 될 정도로 긴 여운을 남긴답니다.<br>차분한 새벽에 혼자 와인 한 잔 곁들이면서 보시길 강력 추천해 드려요. 🍷🌙</p><br><h3>3. 🎬 비포 선라이즈 (Before Sunrise, 1995)</h3><p><strong>"단 하루, 유럽 여행 중 만난 운명 같은 사랑"</strong></p><p>마지막은 언제 봐도 설레는 제 인생 로맨스 영화 ''비포 선라이즈''입니다.<br>빈으로 향하는 기차 안에서 우연히 만난 제시와 셀린느의 단 하루 동안의 이야기를 그리고 있어요.</p><p>두 주인공이 끊임없이 대화를 나누는 모습만으로도 100분이 어떻게 가는지 모를 정도로 몰입감이 엄청나요.<br>유럽의 빈티지한 골목길 감성과 낭만적인 여름밤의 공기를 그대로 느낄 수 있어서, 6월에 다시 꺼내보기 딱 좋은 필름이랍니다. ☕️🍂</p><br><p>오늘 소개해 드린 세 편의 영화, 어떠셨나요?<br>이번 주말에는 좋아하는 향초 하나 켜두고, 제가 추천해 드린 영화와 함께 깊은 감성에 빠져보시는 건 어떨까요? ✨</p><p>더 많은 감성 일상이 궁금하시다면 이웃 추가와 좋아요 꾹 눌러주세요!<br>그럼 우린 다음 포스팅에서 또 만나요, 안녕- 🤍</p><p><br>#6월영화추천해줘 #영화추천 #인생영화 #감성영화 #홈시네마 #주말힐링 #영화리뷰 #영화스타그램 #퍼펙트데이즈 #패스트라이브즈 #비포선라이즈 #감성인플루언서</p>', 'BLOG', '2026-06-06 15:11:54.847317', 15, 4, NULL, 'READY', '✨ 6월 영화추천해줘? 감성 한 스푼, 요즘 내 취향 저격한 인생 영화 리스트 3 🎬🤍', '2026-06-06 15:11:54.847317', 1, NULL, NULL, NULL);
INSERT INTO public.contents VALUES (9, '<p>안녕하세요 사장님들~!!💖 오늘 하루도 정말 고생 많으셨죠? 대박 기운 팍팍 불어넣어 드리는 인스타 사장님 컴백입니다! 😆✨</p><br><p>요즘 날씨도 선선하니 퇴근길만 되면 왜 이렇게 맥주 한 잔에 바삭~한 치킨이 당기는지 모르겠어요! (저만 그런 거 아니죠? 😂) 매일 하는 ''오늘 뭐 먹지?'' 고민을 싹 해결해 드리기 위해, 오늘은 제가 직접 먹어보고 정착한 <strong>진짜 맛있는 치킨 브랜드 3가지</strong>를 준비했답니다! 꿀팁도 가득 담았으니 끝까지 집중해 주세요! 🔥</p><br><br><p><strong>1. 단짠의 정석, 교촌치킨 ''허니콤보'' 🍯</strong></p><p>첫 번째 추천은 두말하면 입 아픈 국민 치킨, 교촌치킨의 ''허니콤보''입니다! 얇고 바삭한 튀김옷에 달콤 짭조름한 허니 소스가 듬뿍 발려 있어서 한 입 먹으면 바로 스트레스가 사르르 녹아내려요~!! 😍 특히 퍽퍽살 싫어하시는 사장님들께 날개와 다리만 모아둔 콤보 구성은 그야말로 사랑입니다...❤️ 엽기떡볶이랑 같이 시켜서 소스에 찍어 먹으면 맵단짠 조합으로 천국을 맛볼 수 있다는 사실! 다들 메모해 두세요! 📝</p><br><p style=''text-align: center; margin-top: 20px; margin-bottom: 5px;''>  <img src=''http://localhost:8080/uploads/45832108-029e-4a79-8df4-4d96ee81dfc7.png'' style=''max-width: 100%; border-radius: 15px; box-shadow: 0 4px 8px rgba(0,0,0,0.1);'' /></p><p style=''text-align: center; color: #888; font-size: 0.9em; margin-top: 0; margin-bottom: 20px;''>  [AI가 생성한 이미지입니다]</p><br><br><p><strong>2. 치즈 시즈닝의 전설, BHC ''뿌링클'' 🧀</strong></p><p>두 번째는 마법의 가루로 전 국민의 입맛을 사로잡은 BHC ''뿌링클''입니다! 갓 튀겨낸 바삭한 치킨 위에 블루치즈, 체다치즈, 양파, 마늘이 믹스된 시즈닝이 아낌없이 뿌려져 있어서 한 입 베어 물면 풍미가 폭발해요! 💥 여기에 새콤달콤한 ''뿌링뿌링 소스''를 아낌없이 푹~ 찍어 먹는 게 완전 신의 한 수인 거 아시죠? 짭조름하면서도 고소해서 아이들 간식으로도, 맥주 안주로도 이만한 게 없답니다! 👍</p><br><p><strong>3. 구워서 더 바삭한, 굽네치킨 ''고추바사삭'' 🌶️</strong></p><p>마지막은 튀긴 치킨이 조금 부담스러울 때 강력 추천하는 굽네치킨의 ''고추바사삭''입니다! 기름에 튀기지 않고 오븐에 구웠는데도 겉은 어쩜 이렇게 바삭한지...! 은은하게 퍼지는 청양고추의 매콤함 덕분에 느끼할 틈이 전혀 없어요~ 😋 함께 오는 마블링 소스와 고블링 소스의 매력이 또 엄청나답니다! 다이어트 중인데 치킨이 너무 당긴다? 그렇다면 주저 없이 고추바사삭으로 가시는 걸 추천드려요! 🏃‍♂️💨</p><br><br><p>오늘 추천해 드린 3가지 브랜드 치킨, 보기만 해도 군침이 싹 돌지 않으시나요? 🤤 오늘 저녁은 고생한 나를 위한 선물로 맛있는 치킨 한 마리 주문해 보시는 건 어떨까요? 사장님들 모두 맛있는 야식 드시고 내일도 힘차게 대박 나시길 응원할게요! 팅동댕~ 대박 기운 팍팍! 전해드립니다! 💖🌟</p>', 'BLOG', '2026-05-27 19:55:12.157088', 9, 6, '2026-05-27 18:00:00', 'PUBLISHED', '야식 고민 끝!🍗 실패 없는 인생 치킨 브랜드 3가지 추천 (feat. 인스타 사장님의 찐애정템 공개✨)', '2026-05-27 19:55:35.267441', 2, NULL, '4c21fd4e-4da1-4f52-914e-c8d1de139aa8', '2026-05-27 19:55:35.266438');
INSERT INTO public.contents VALUES (14, '<p>안녕하세요. 객관적인 정보를 전달하는 콘텐츠 에디터입니다. 기온이 점차 상승하는 6월은 계절의 변화와 함께 극장가에도 다양한 장르의 기대작들이 대거 포진하는 시기입니다. 야외 활동 대신 쾌적한 실내 공간에서 문화생활을 즐기고자 계획하시는 분들이 많을 것으로 생각됩니다.</p><p>실제로 최근 검색 트렌드를 살펴보면 "<strong>6월 영화추천해줘</strong>"라는 질의가 눈에 띄게 증가하고 있습니다. 오늘은 이러한 수요를 바탕으로, 2024년 6월 극장가에서 주목해야 할 화제작 3편의 객관적인 정보를 정리해 드리겠습니다. 관람 계획 수립에 참고하시기 바랍니다.</p><br><p><strong>1. 인사이드 아웃 2 (Inside Out 2)</strong><br>- 개봉일: 2024년 6월 12일<br>- 장르: 애니메이션, 판타지, 코미디<br>- 감독: 켈시 만<br>- 주요 내용: 디즈니·픽사의 대표작 중 하나인 ''인사이드 아웃''의 후속작입니다. 사춘기에 접어든 주인공 ''라일리''의 머릿속 감정 컨트롤 본부에 ''불안'', ''당황'', ''따분'', ''질투'' 등 새로운 감정들이 합류하며 벌어지는 갈등과 성장을 다룹니다. 기존의 고정 감정인 기쁨, 슬픔, 분노, 까칠, 소심과의 시너지가 관전 포인트입니다.</p><br><p style=''text-align: center; margin-top: 20px; margin-bottom: 5px;''>  <img src=''http://localhost:8080/uploads/84696407-b99f-4cef-bba3-4f3949c8a444.png'' style=''max-width: 100%; border-radius: 15px; box-shadow: 0 4px 8px rgba(0,0,0,0.1);'' /></p><p style=''text-align: center; color: #888; font-size: 0.9em; margin-top: 0; margin-bottom: 20px;''>  [AI가 생성한 이미지입니다]</p><br><p><strong>2. 하이재킹 (Hijackry)</strong><br>- 개봉일: 2024년 6월 21일<br>- 장르: 서스펜스, 스릴러, 드라마<br>- 감독: 김성한<br>- 주연: 하정우, 여진구, 성동일, 채수빈<br>- 주요 내용: 1971년 대한민국 상공에서 발생한 실제 여객기 납치 사건을 모티브로 제작된 영화입니다. 여객기가 납치된 극한의 상황 속에서 승객들의 안전을 확보하기 위해 사투를 벌이는 승무원들과 파일럿들의 이야기를 사실감 있게 그렸습니다. 한국 실화 바탕의 묵직한 긴장감을 선호하는 관객에게 적합한 작품입니다.</p><br><p><strong>3. 퓨리오사: 매드맥스 사가 (Furiosa: A Mad Max Saga)</strong><br>- 개봉일: 2024년 5월 22일 (6월 현재 절찬 상영 중)<br>- 장르: 액션, SF, 모험<br>- 감독: 조지 밀러<br>- 주연: 안야 테일러 조이, 크리스 헴스워스<br>- 주요 내용: 2015년 흥행했던 ''매드맥스: 분노의 도로''의 프리퀄 작품으로, 주인공 ''퓨리오사''의 유년 시절부터 여전사로 거듭나기까지의 여정을 담고 있습니다. 황폐해진 문명 속에서 살아남기 위한 처절한 생존 투쟁과 압도적인 차량 액션 시퀀스가 특징입니다. 5월 말 개봉했으나 6월 초중반까지 흥행세를 이어갈 것으로 전망됩니다.</p><br><p>지금까지 6월 극장가를 장식할 주요 영화 정보를 정리해 드렸습니다. 애니메이션부터 실화 기반 스릴러, 포스트 아포칼립스 액션까지 취향에 따라 선택할 수 있는 폭이 넓은 편입니다. 이번 주말, 본인의 선호 장르에 맞춰 극장을 방문해 보시는 것을 권장합니다. 이상으로 6월 영화 정보 안내를 마칩니다.</p>', 'BLOG', '2026-06-06 15:12:28.332755', 16, 4, NULL, 'READY', '2024년 6월 영화 추천 리스트: 극장가 화제작 3편 객관적 비교 정리', '2026-06-06 15:12:28.332806', 1, NULL, NULL, NULL);
INSERT INTO public.contents VALUES (4, '<p align=''center''>안녕하세요 사장님들~! 😊 오늘 날씨가 참 촉촉하니 감성 돋는 하루네요! 🌧️<br>창밖에 토독토독 떨어지는 빗소리를 듣고 있으니, 괜히 마음이 몽글몽글해지면서 ''오늘 저녁은 또 뭘 먹어야 기가 막히게 잘 먹었다고 소문이 날까~'' 하고 침이 고이는 거 있죠? ㅎㅎ</p><br><p align=''center''>비 오는 날에는 유독 기름진 냄새나 뜨끈뜨끈한 국물이 당기잖아요! <br>그래서 오늘은 인스타 감성 뿜뿜하면서도 맛까지 확실하게 보장하는 <strong>''비오는날 저녁메뉴추천 3가지''</strong> 꿀팁을 대방출하려고 합니다! 오늘 저녁 메뉴 고민은 이 포스팅 하나로 완전 종결해 드릴게요! 끝까지 집중해 주세요~! 👇✨</p><br><br><h2>1. 비 오는 날의 영원한 클래식, ''바삭촉촉 해물파전 & 김치전'' 🥞</h2><p>역시 비 오는 날 하면 가장 먼저 떠오르는 부동의 1위 메뉴, 바로 부침개죠! <br>빗소리(타닥타닥)와 팬 위에서 기름이 끓는 소리(치이익-)의 주파수가 똑같아서 비만 오면 그렇게 전이 당긴다는 과학적(?)인 사실, 다들 알고 계셨나요? 😋</p><br><p><strong>💡 인스타 사장님의 초특급 꿀팁!</strong><br>반죽을 하실 때 찬물 대신 <strong>''탄산수''나 ''얼음물''</strong>을 넣고 살살 섞어주시면 튀김가루 없이도 겉은 완전히 바삭하고 속은 촉촉한 역대급 ''겉바속촉'' 전을 만드실 수 있답니다! 오징어와 새우를 듬뿍 넣은 해물파전 한 입 먹고, 시원한 막걸리 한 잔 들이켜면... 캬, 오늘 하루 피로가 싹 날아가 버리죠! 🍶</p><br><br><div style=''text-align:center; margin: 20px 0;''>  <img src=''http://localhost:8080/uploads/9860538d-e266-4370-a84c-bbd32b766a74.png'' style=''max-width:100%; border-radius:15px; box-shadow: 0 4px 8px rgba(0,0,0,0.1);'' />  <p style=''color:#888; font-size:0.9em;''>[AI가 생성한 이미지입니다]</p></div><br><br><h2>2. 칼칼하고 진한 국물로 몸을 녹여줄 ''얼큰 닭볶음탕'' 🍲</h2><p>비가 와서 약간 으슬으슬하고 쌀쌀해진 날씨에는 온몸을 뜨끈하게 데워줄 국물 요리가 필수죠! <br>두 번째 추천 메뉴는 칼칼한 국물에 감자가 포슬포슬하게 익어 국물과 함께 슥슥 비벼 먹기 좋은 ''얼큰 닭볶음탕''입니다. 😍</p><br><p><strong>💡 감칠맛 폭발하는 비법 전수!</strong><br>양념장을 만드실 때 <strong>고춧가루와 카레가루를 반 스푼</strong> 정도 슥 섞어보세요! 닭고기의 잡내를 완벽하게 잡아주면서 닭볶음탕 전문점 못지않은 깊고 진한 풍미가 우러난답니다. 닭고기를 다 건져 먹은 후, 자작하게 남은 양념에 김가루와 참기름을 솔솔 뿌려 볶음밥으로 마무리하는 거 절대 잊지 마세요! 이건 국룰인 거 아시죠? 🥄🔥</p><br><br><h2>3. 지글지글 소리부터 예술인 ''두툼한 삼겹살구이 & 미나리'' 🥓</h2><p>마지막 추천 메뉴는 소리부터 오감을 자극하는 삼겹살입니다! <br>비 오는 창가를 바라보며 불판 위에 지글지글 구워지는 삼겹살을 보고 있으면, 쌓여있던 스트레스가 한 번에 풀리는 기분이 들잖아요~ 👍</p><br><p><strong>💡 찰떡궁합 꿀조합 추천!</strong><br>그냥 삼겹살만 구워 드시지 마시고, 요즘 제철인 <strong>''향긋한 미나리''</strong>를 불판 끝자락에 살짝 올려서 돼지기름에 구워 함께 드셔보세요. 삼겹살의 느끼함은 미나리 향이 싹 잡아주고, 아삭한 식감까지 더해져서 무한대로 흡입이 가능하답니다! 마늘과 쌈장 콕 찍어서 한 쌈 크게 싸 먹으면 온 세상을 다 가진 기분이 들 거예요! 🥬✨</p><br><br><p align=''center''>---</p><br><p align=''center''>오늘 소개해 드린 <strong>비오는날 저녁메뉴추천 3가지</strong> 중 사장님들의 마음을 가장 사로잡은 원픽 메뉴는 무엇인가요? 💖<br>날씨는 우중충하지만, 사랑하는 사람들과 맛있는 저녁 식사 하시면서 세상에서 가장 따뜻하고 행복한 저녁 시간 보내시길 바랄게요!</p><br><p align=''center''>오늘 포스팅이 도움이 되셨다면 <strong>공감과 댓글, 이웃추가</strong> 꾹~ 눌러주시는 센스! <br>다음에도 더 맛있고 유익한 꿀팁으로 찾아올게요! 모두 행복한 저녁 되세요~ 안녕! 🙋‍♀️ 대박 나세요!</p>', 'BLOG', '2026-05-20 16:35:30.919952', 3, 3, '2026-05-15 09:00:00', 'PUBLISHED', '비 오는 날 저녁 메뉴 고민 끝! 분위기 살리는 ‘비오는날 저녁메뉴추천 3가지’ 🌧️✨ (feat. 막걸리 꿀조합)', '2026-05-28 20:03:58.554534', 1, NULL, 'e4382a3c-4614-4357-9bc9-76449f3d2859', '2026-05-28 20:03:58.539022');
INSERT INTO public.contents VALUES (8, '<p>안녕하세요 사장님들~!! 비 소식이 잦은 요즘, 다들 빨래는 어떻게 하고 계시나요? ☔ 날씨가 우중충하면 기분도 축 처지는데, 빨래 바구니에 쌓여가는 빨래를 보면 한숨부터 나오시죠? 😭 특히 공들여 빨았는데 마르고 나면 스멀스멀 올라오는 그 지독한 쉰내... 진짜 상상만 해도 스트레스잖아요!</p><p>그래서 오늘은 인스타 사장님이 야심 차게 준비했답니다! 장마철에도 건조기 없이 뽀송뽀송하고 향기 가득하게 <strong>비올때 빨래잘하는법</strong>! 일상에서 바로 써먹을 수 있는 특급 꿀팁들만 모아서 방출해 드릴 테니 눈 크게 뜨고 따라와 주세요! 👀✨</p><p><br></p><p><br></p><h3>💡 1. 세탁기 돌릴 때 식초 한 스푼의 기적!</h3><p>비가 올 때는 공기 중 습도가 높아서 빨래가 마르는 데 시간이 오래 걸려요. 이 과정에서 세균과 곰팡이가 번식하면서 쉰내가 나게 되는 거랍니다. 🦠</p><p>이럴 때 아주 간단하면서도 확실한 해결책이 있어요! 바로 마지막 헹굼 단계에서 <strong>식초를 한두 스푼</strong> 넣어주는 거예요. 식초의 산성 성분이 살균 효과를 내서 세균 번식을 막아주고 냄새를 싹 잡아준답니다! 식초 냄새는 빨래가 마르면서 다 날아가니 걱정 안 하셔도 돼요. 헹굼 시 구연산을 사용하시는 것도 강력 추천드려요!11 👍</p><p><br></p><p><br></p><h3>💡 2. 빨래 건조대 배치와 ''신문지'' 활용법</h3><p>세탁을 마쳤다면 말리는 과정이 정말 중요한 거 아시죠? 비올때 빨래잘하는법의 핵심은 바로 건조대 주변의 ''습도''를 낮추는 것입니다!</p><p>빨래를 건조대에 널 때는 옷과 옷 사이 간격을 최대한 넓게 벌려주세요. 바람이 통할 수 있는 길을 만들어주는 거죠! 그리고 빨래 건조대 밑에 <strong>신문지</strong>를 넓게 펴서 깔아두거나, 빨래 사이사이에 신문지를 걸어두면 신문지가 주변 습기를 빨아들여 훨씬 빠르게 건조된답니다. 선풍기나 서큘레이터를 건조대 방향으로 회전시켜 두는 것도 잊지 마세요! 🌀</p><p><br></p><p><br></p><p class="ql-align-center"><img src="http://localhost:8080/uploads/86389d07-02b6-4fb3-8a41-350a41624dcf.png"></p><p class="ql-align-center">[AI가 생성한 이미지입니다]</p><p><br></p><p><br></p><h3>💡 3. 세탁조 청소는 필수 중의 필수!</h3><p>아무리 좋은 세제를 쓰고 꿀팁을 활용해도, 세탁기 자체가 더러우면 소용없다는 사실 알고 계셨나요? 😱 특히 습도가 높은 날씨에는 세탁기 내부의 곰팡이가 더욱 활개를 친답니다.</p><p>한 달에 한 번은 전용 세탁조 클리너나 베이킹소다+과탄산소다 조합으로 세탁조를 깨끗이 청소해 주셔야 해요. 세탁 후에는 항상 세탁기 문과 세제 투입구를 활짝 열어 물기를 말려주는 센스! 사장님들, 요 작은 습관 하나가 빨래 삶의 질을 확 바꿔준답니다. 😉</p><p><br></p><p><br></p><p>오늘 알려드린 <strong>비올때 빨래잘하는법</strong> 어떠셨나요? 생각보다 너무 간단하죠? 💖 이제 비 오는 날에도 빨래 걱정 없이 매일매일 뽀송하고 상쾌한 하루 보내시길 바랄게요! 이번 포스팅이 도움이 되셨다면 공감과 댓글 꾹~ 남겨주시는 것도 잊지 마세요! 다음에 더 유용한 생활 꿀팁으로 찾아올게요~ 안녕! 🙋‍♀️✨</p>', 'BLOG', '2026-05-21 22:41:03.119021', 8, 3, NULL, 'DRAFT', '꿉꿉한 냄새 탈출! 🌧️ 비올때 빨래잘하는법 & 쉰내 안 나는 특급 꿀팁 대방출 ✨', '2026-06-06 15:13:07.332825', 1, NULL, '98b45d06-38b0-41ab-a638-95418c0db11f', '2026-06-04 21:02:43.725413');
INSERT INTO public.contents VALUES (10, '<p>안녕하세요 사장님들~!! 💖 인스타하는 영화 덕후, 여러분의 친근한 컨텐츠 메이커 사장님입니다! 주중 내내 열심히 달리시느라 정말 고생 많으셨어요~ (토닥토닥) 👍</p><p>벌써 푸르른 5월도 막바지를 향해 달려가고 있네요! 날씨가 화창해서 나들이 가기도 좋지만, 한낮의 뜨거운 햇살을 피해 시원~한 에어컨 바람 쐬며 영화관에서 팝콘 먹는 것만큼 확실한 힐링이 없잖아요? ㅎㅎ</p><p>그래서 오늘은 우리 사장님들의 소중한 주말 시간을 완벽하게 책임져줄 <strong>''26년 5월 4주차 볼만한 영화 추천''</strong> 리스트를 야심 차게 들고 왔답니다! 데이트 코스 고민 중이시거나 혼자만의 힐링 시간이 필요하시다면 오늘 포스팅 딱 주목해 주세요! 꿀팁 방출합니다~! 🚀</p><br><p><p style=''text-align: center; margin-top: 20px; margin-bottom: 5px;''>  <img src=''http://localhost:8080/uploads/6385099a-04f2-4656-a924-f2b61fdc3d6f.png'' style=''max-width: 100%; border-radius: 15px; box-shadow: 0 4px 8px rgba(0,0,0,0.1);'' /></p><p style=''text-align: center; color: #888; font-size: 0.9em; margin-top: 0; margin-bottom: 20px;''>  [AI가 생성한 이미지입니다]</p></p><br><h3>✨ 1. 압도적인 비주얼의 SF 대작 - &lt;네오 오디세이: 인류의 여정&gt;</h3><p>첫 번째로 추천해 드릴 영화는 극장의 큰 스크린과 빵빵한 사운드로 즐겨야 제맛인 SF 초대형 블록버스터 <strong>&lt;네오 오디세이&gt;</strong>입니다! 🌌</p><p>우주선 내부의 디테일한 묘사부터 미지의 행성 비주얼까지, 정말 눈을 뗄 수 없을 정도로 화려한 그래픽을 자랑하는데요. 26년 5월 4주차 볼만한 영화 중에서도 단연 ''아이맥스(IMAX) 강추''작으로 입소문이 자자하답니다!</p><p><strong>💡 사장님의 관람 꿀팁:</strong> 이 영화는 무조건 중앙 블록 뒷열 좌석을 예매하세요! 시야가 꽉 차서 마치 내가 진짜 우주선에 탑승한 것 같은 몰입감을 느끼실 수 있어요. 🚀</p><br><h3>✨ 2. 연인과 함께 보면 사랑이 2배! 로맨틱 코미디 - &lt;우연히 봄, 그리고 너&gt;</h3><p>두 번째 추천작은 늦봄 감성에 딱 어울리는 달달한 로코 영화 <strong>&lt;우연히 봄, 그리고 너&gt;</strong>입니다! 🌸</p><p>스토리 자체는 뻔할 것 같지만, 주연 배우들의 미친 케미와 톡톡 튀는 대사 덕분에 러닝타임 내내 입가에 미소가 떠나지 않는 작품이에요. 썸 타는 사이라면 연인으로 발전할 수밖에 없는 마법 같은 치트키 영화랄까요? ㅎㅎ</p><p><strong>💡 사장님의 관람 꿀팁:</strong> 달콤한 맛 팝콘에 상큼한 에이드 한 잔씩 들고 들어가면 로맨틱한 분위기 완성! 영화 끝나고 나와서 밤거리 걸으며 수다 떨기 딱 좋은 가벼운 여운을 줍니다.</p><br><h3>✨ 3. 심장 쫄깃! 명품 연기파 배우들의 심리 스릴러 - &lt;사라진 밤의 목격자&gt;</h3><p>마지막으로 추천해 드릴 영화는 한순간도 긴장의 끈을 놓을 수 없는 웰메이드 추리 스릴러 <strong>&lt;사라진 밤의 목격자&gt;</strong>입니다! 👤</p><p>반전에 반전을 거듭하는 탄탄한 시나리오와 명품 조연들의 연기력이 그야말로 미쳤습니다! 관객 피드백도 엄청나고, 평점도 고공행진 중이라 심리전이나 추리 장르 좋아하시는 사장님들께 강력 추천해 드립니다.</p><p><strong>💡 사장님의 관람 꿀팁:</strong> 초반 스쳐 지나가는 단서들을 잘 기억해 두세요! 결말을 맞닥뜨렸을 때 그 소름 돋는 카타르시스가 배가 된답니다!</p><br><p>자, 오늘 사장님이 준비한 <strong>26년 5월 4주차 볼만한 영화 추천</strong> 리스트 어떠셨나요? 😆</p><p>바쁜 일상 속에서 잠시 벗어나 영화 한 편과 함께하는 달콤한 휴식이 우리 사장님들께 큰 에너지가 되었으면 좋겠습니다. 이번 주말 어떤 영화를 볼지 결정하셨다면 댓글로 마구마구 공유해 주세요! ❤️</p><p>그럼 모두 행복하고 힐링 가득한 주말 보내시길 바랄게요! 안녕~! 🙋‍♂️✨</p>', 'BLOG', '2026-05-28 20:17:17.941438', 10, 7, '2026-06-11 18:00:00', 'SCHEDULED', '🎬 [26년 5월 4주차] 이번 주말 데이트 치트키! 절대 실패 없는 볼만한 영화 추천 Best 3🍿', '2026-06-04 19:48:31.323178', 4, NULL, 'e3b025b3-01b7-4412-b65e-133117794f44', '2026-05-28 20:17:57.349474');
INSERT INTO public.contents VALUES (5, '<p>안녕하세요 사장님들~! 🧡 오늘도 발 빠르게 핫한 정보를 들고 온 여러분의 트렌드 세터, 인스타사장님입니다! 😆 다들 이번 주말 계획은 세우셨나요? 요즘 날씨도 쌀쌀한데, 이럴 때일수록 극장에서 팝콘 끼고 짜릿한 스릴러 한 편 때려야 하는 거 아시죠?! ㅎㅎ</p><p>최근 영화계에서 엄청나게 입소문을 타고 있는 신작이 있어서 제가 발 빠르게 보고 왔답니다! 바로 이름부터 예사롭지 않은 신작 영화 <strong>''군체''</strong>인데요! 🎬 처음엔 ''또 뻔한 좀비 영화인가?'' 싶었는데, 오마이갓... 보고 나니 뒤통수를 탁 때리는 엄청난 신선함이 있더라고요! 뇌리에 강렬하게 꽂힌 이 영화, 기존 좀비물들과는 도대체 뭐가 다르고, 왜 꼭 극장에서 봐야 하는지 꿀팁 가득 담아 소개해 드릴게요! 고고싱~! 👇</p><br><p><div style=''text-align:center; margin: 20px 0;''>  <img src=''http://localhost:8080/uploads/50859c59-e51b-4356-8fbe-e94477c5dd65.png'' style=''max-width:100%; border-radius:15px; box-shadow: 0 4px 8px rgba(0,0,0,0.1);'' />  <p style=''color:#888; font-size:0.9em;''>[AI가 생성한 이미지입니다]</p></div></p><br><h3>📌 기존 좀비물 vs 영화 ''군체''의 결정적 차이점!</h3><p>우리가 흔히 알던 K-좀비나 할리우드 좀비들은 어땠나요? 보통 이성이 없고, 배고픔에 굶주려 우워어어- 소리를 지르며 무지성으로 달려드는 게 특징이었잖아요? 🧟‍♂️ 하지만 이번 영화 <strong>''군체''는 차원이 다릅니다!</strong></p><p><strong>1. ''집단 지성''을 가진 감염체들!</strong><br>영화 제목인 ''군체(Swarm/Colony)''에서 알 수 있듯이, 이 영화 속 감염자들은 개별적으로 움직이지 않아요. 마치 개미나 벌처럼 <strong>하나의 거대한 유기체처럼 연결되어 움직인답니다!</strong> 한 놈이 인간을 발견하면, 그 신호가 순식간에 수천 명에게 공유되어 일사불란하게 포위망을 좁혀와요. 이 설정이 주는 압박감이 진짜 상상을 초월합니다. 😱</p><p><strong>2. 도구와 전략을 사용하는 지능형 공포!</strong><br>기존 좀비들은 문을 부수거나 몸으로 밀어붙였다면, ''군체''의 녀석들은 함정을 파고, 퇴로를 차단하는 등 고도의 전술(!)을 구사해요. 인간의 심리를 역이용하는 장면에서는 소름이 쫙 돋았답니다. ''이게 좀비야, 특수부대야?!'' 싶을 정도로 영리하고 잔인해요.</p><br><h3>🎯 놓치면 후회하는 ''군체'' 관람 포인트 3가지!</h3><p>영화 보러 가시기 전에 요 포인트 세 가지만 딱 기억하고 가시면 몰입도 200% 보장합니다! 꿀팁 방출해요~! 🍯</p><p><strong>첫 번째! 심장을 쥐어짜는 압도적인 사운드 디자인 🎧</strong><br>감염체들이 서로 소통할 때 내는 미세한 주파수 소리와 딱딱거리는 소름 끼치는 소리가 극장 사방에서 울려 퍼집니다. 이어폰으로 들을 때와는 차원이 다른 공간감이 느껴지니, 이 영화만큼은 꼭 사운드가 좋은 특별관에서 관람하시는 걸 강력 추천드려요!</p><p><strong>두 번째! 압도적인 스케일의 ''군체 비주얼'' 💥</strong><br>수천 명의 감염자들이 거대한 파도처럼 뒤엉켜 벽을 타고 올라오고, 거리를 뒤덮는 비주얼적 연출은 그야말로 장관입니다. CG와 실사 액션의 조화가 너무 자연스러워서 스크린에서 눈을 뗄 수가 없었어요. 시각적 쾌감이 어마어마합니다!</p><p><strong>세 번째! 인간성과 생존을 둘러싼 묵직한 메시지 🧠</strong><br>''하나의 집단으로 묶여 개성을 잃는 것이 진정한 생존인가, 아니면 불완전하더라도 인간으로 남을 것인가''에 대한 철학적인 질문을 던집니다. 단순한 오락 영화를 넘어 생각할 거리를 던져줘서 여운이 깊게 남더라고요.</p><br><p>우리 사장님들~! 뻔한 클리셰에 지치셨다면, 이번 주말에는 독창적인 설정과 숨 막히는 긴장감으로 무장한 영화 ''군체''로 짜릿한 도파민 충전해 보시는 건 어떨까요? 🍿✨</p><p>오늘 정보가 도움이 되셨다면 하트 꾹, 댓글 남겨주시는 거 잊지 마시고요! 다음에도 더 핫하고 유용한 트렌드 소식으로 찾아올게요! 안녕~! 💞</p>', 'BLOG', '2026-05-20 16:37:19.97484', 4, 4, NULL, 'READY', '🧟‍♂️ 드디어 공개된 화제작! 신작 영화 ''군체'' 기존 좀비물과의 결정적 차이 & 소름 돋는 관람 포인트 3가지 대방출! 🔥', '2026-06-06 15:14:12.215973', 1, NULL, '5bc0e429-8727-4e02-93f8-8ca751bdb22b', '2026-06-06 15:02:11.218101');
INSERT INTO public.contents VALUES (6, '<p>안녕하세요 사장님들~! 오늘도 열일하고 밤마다 협곡으로 퇴근하시는 우리 사장님들을 위해, 인스타 사장님이 아주 기가 막힌 꿀정보를 들고 왔답니다! 🎮✨</p><p>요즘 리그오브레전드(LoL) 메타가 정말 빠르게 변하고 있잖아요? "아니, 도대체 요즘은 뭘 해야 이길 수 있는 거야?" 하고 머리 싸매고 계셨던 분들 주목해주세요!</p><p>오늘은 네이버 블로그 상위 노출 전문 컨텐츠 메이커로서, 그리고 협곡에 뼈를 묻은 친근한 사장님으로서 딱 3가지 챔피언만 콕 집어 소개해 드릴게요. 이거만 파셔도 진짜 점수 수직 상승 보장합니다! 꿀팁 방출하니 끝까지 집중해주세요! 🔥</p><br><br><h3>1. 탑의 든든한 지배자, ''아트록스'' (Aatrox) 🗡️</h3><p>첫 번째로 추천해 드릴 <strong>롤 요즘좋은챔피언추천 3가지</strong> 중 대망의 첫 주자는 바로 탑의 황제, 아트록스입니다! 요즘 탑 메타에서 아트록스는 정말 ''뚫리지 않는 방패이자 가장 날카로운 창''이라고 할 수 있어요.</p><p>특히 ''선체파괴자''나 ''갈라진 하늘'' 같은 아이템과의 시너지가 너무 좋아서, 한타 때 적진 한가운데로 들어가서 Q 3타 쾅! 쾅! 찍어주면 상대방 딜러들 정신 못 차린답니다. 피흡으로 좀비처럼 살아남는 모습 보면 짜릿함 그 자체라니까요?! 탑 라인전에서 주도권 잡고 겜 터뜨리고 싶으신 사장님들께 강력 추천합니다! 👍</p><br><br><h3>2. 미드 라인의 황금 밸런스, ''아리'' (Ahri) 🦊</h3><p>두 번째 추천은 미드에서 언제나 국밥처럼 든든한 우리 아리입니다! 매혹(E) 한 번 잘 맞추면 한타가 그냥 터져버리는 마법, 다들 아시죠?</p><p>요즘 아리는 ''악의'' 아이템과의 궁합이 너무 좋아서 궁극기 쿨타임이 정말 빨리 돌아요. 덕분에 기동성이 거의 날아다니는 수준이랍니다! 라인 푸시력도 좋아서 정글러 도와주러 로밍 가기도 편하고, 생존력도 최상급이라 초보 사장님들도 안전하게 캐리할 수 있는 만능 미드 챔피언이에요. 아리 하나만 마스터해두면 어떤 메타가 와도 든든하답니다!</p><br><br><div style=''text-align:center; margin: 20px 0;''>  <img src=''http://localhost:8080/uploads/3f992fcc-b6a6-4a8c-ae4d-2e5027c7d945.png'' style=''max-width:100%; border-radius:15px; box-shadow: 0 4px 8px rgba(0,0,0,0.1);'' />  <p style=''color:#888; font-size:0.9em;''>[AI가 생성한 이미지입니다]</p></div><br><br><h3>3. 후반 왕귀의 끝판왕, 원딜 ''징크스'' (Jinx) 🚀</h3><p>마지막으로 추천해 드릴 챔피언은 바로 칼바람과 협곡을 불태우고 있는 원거리 딜러, 징크스입니다!</p><p>요즘 원딜 메타는 후반 캐리력이 정말 중요한데, 징크스는 신나게 날뛰기 시작하면(패시브 발동) 그 누구도 막을 수 없는 폭주기관차가 돼요. 긴 사거리와 광역 딜링으로 앞라인부터 차근차근 녹여버리는 쾌감이 엄청나답니다! 서포터의 케어만 조금 받는다면 후반 한타는 징크스 혼자서 다 정리할 수 있어요. 연승 마려우신 원딜러 사장님들, 오늘 밤은 무조건 징크스입니다! 💣</p><br><br><p>자, 오늘 이렇게 <strong>롤 요즘좋은챔피언추천 3가지</strong>를 아주 알차게 알아봤는데 어떠셨나요?!</p><p>역시 게임은 이겨야 제맛이잖아요?! 오늘 퇴근하시고 제가 추천해 드린 챔피언으로 협곡에서 시원하게 연승 달려보세요! 가시기 전에 공감이랑 댓글 달아주시면 제 사랑을 듬뿍 드릴게요~❤️ 오늘도 즐겜하시고, 다음에도 더 유용한 꿀팁으로 찾아올게요! 안녕~! 🙌</p>', 'BLOG', '2026-05-20 19:26:48.319904', 6, 5, '2026-05-08 22:00:00', 'PUBLISHED', '롤 요즘좋은챔피언추천 3가지! 이 챔프만 하면 티어 수직 상승 보장합니다 (Feat. 협곡 꿀팁) 🚀', '2026-05-21 22:34:47.029119', 1, NULL, '06c86e73-7f11-4970-b3a2-8ca5abb7e671', '2026-05-21 22:34:47.024118');
INSERT INTO public.contents VALUES (11, '<p>안녕하세요. 비즈니스와 문화를 분석하고 가치 있는 콘텐츠를 제안하는 전문 컨텐츠 메이커입니다.</p><p>계절의 변화가 완연해지는 6월은 야외 활동의 증가와 더불어, 극장가 역시 여름 성수기를 앞두고 가장 뜨거운 경쟁이 펼쳐지는 시기입니다. 최근 관객들의 소비 패턴을 분석해 보면, 단순히 시간을 보내기 위한 관람을 넘어 영화가 주는 시각적 압도감과 깊은 메시지를 동시에 추구하는 경향이 뚜렷해지고 있습니다.</p><p>이에 따라 많은 대중분들께서 <strong>"6월 영화추천해줘"</strong>라며 신뢰할 수 있는 작품 큐레이션을 요청하고 계십니다. 오늘 포스팅에서는 시장의 트렌드 분석과 대중성, 그리고 작품성을 고루 갖춘 올여름 최고의 기대작들을 정교하게 분석하여 소개해 드립니다.</p><br><br><p style=''text-align: center; margin-top: 20px; margin-bottom: 5px;''>  <img src=''http://localhost:8080/uploads/2f8749a6-d2a5-4753-a93a-e671a7399e01.png'' style=''max-width: 100%; border-radius: 15px; box-shadow: 0 4px 8px rgba(0,0,0,0.1);'' /></p><p style=''text-align: center; color: #888; font-size: 0.9em; margin-top: 0; margin-bottom: 20px;''>  [AI가 생성한 이미지입니다]</p><br><br><p><strong>1. 감정의 확장과 깊은 공감, 애니메이션의 명가 디즈니·픽사의 복귀</strong></p><p>첫 번째로 주목할 세그먼트는 전 세대를 아우르는 감성 자극형 콘텐츠입니다. 특히 이번 6월에 개봉하는 애니메이션 대작은 인간의 보편적인 내면 변화를 시각적으로 가장 완벽하게 시각화했다는 평을 받고 있습니다.</p><p>사춘기에 접어든 주인공의 내면 변화를 새로운 감정 캐릭터들(불안, 당황, 따분, 부럽)을 통해 묘사하며, 현대인들이 겪는 정서적 고충을 따뜻한 위로로 풀어냅니다. 마케터의 관점에서 이 작품은 타겟층의 폭이 매우 넓고, 관람 후 SNS를 통한 자발적 구전 효과(Viral)가 가장 강력할 것으로 예상되는 핵심 킬러 콘텐츠입니다.</p><br><p><strong>2. 스펙터클과 시네마틱 경험의 극대화, 액션 블록버스터</strong></p><p>대형 스크린과 특수관(IMAX, 4DX)에서만 느낄 수 있는 극대화된 시각 효과를 원하신다면, 황폐한 미래를 배경으로 한 강렬한 액션 서사시를 추천합니다.</p><p>독창적인 세계관과 압도적인 미장센은 관객들에게 단순한 관람을 넘어 하나의 ''체험''을 선사합니다. 특히 사운드 디자인과 카메라 워크의 고도화된 기술력은 홈 시네마(OTT)가 대체할 수 없는 영화관 본연의 가치를 재확인시켜 줄 것입니다. 압도적인 몰입감을 최우선 가치로 두는 관객분들에게 후회 없는 선택이 될 것입니다.</p><br><p><strong>3. 탄탄한 내러티브와 깊은 여운을 남기는 웰메이드 드라마</strong></p><p>화려한 액션보다 정교하게 설계된 각본과 배우들의 고밀도 연기 대결을 선호하시는 관객층을 위한 작품도 준비되어 있습니다.</p><p>일상의 이면에 숨겨진 미스터리를 추적하거나 인간관계의 미묘한 균열을 다룬 한국형 웰메이드 드라마 장르는 6월 극장가에 묵직한 무게감을 더해줍니다. 관람이 끝난 후에도 지속적인 토론과 해석을 유도하여, 지적 유희를 즐기는 관객들에게 깊은 만족감을 선사할 것입니다.</p><br><br><p><strong>종합 제언 및 관람 팁</strong></p><p>오늘 제안해 드린 영화들은 각각의 장르적 특성과 소구 포인트가 매우 명확한 작품들입니다. 본인의 취향과 관람 목적(가족 동반, 데이트, 솔로 힐링)에 맞춰 선택하신다면, 실패 없는 문화생활을 즐기실 수 있을 것입니다.</p><p>트렌디하고 가치 있는 선택을 위해 <strong>"6월 영화추천해줘"</strong>를 검색하신 스마트한 관객 여러분께 본 가이드가 유용한 지표가 되었기를 바랍니다. 더욱 유익하고 정교한 문화 콘텐츠 분석으로 다시 찾아뵙겠습니다. 감사합니다.</p>', 'BLOG', '2026-06-06 15:10:04.748672', 13, 4, NULL, 'READY', '[6월 영화추천해줘] 콘텐츠 분석가가 제안하는 실패 없는 6월 극장가 관람 가이드 및 기대작 분석', '2026-06-06 15:14:16.982625', 1, NULL, NULL, NULL);
INSERT INTO public.contents VALUES (7, '<p>안녕하세요 사장님들~! 💖 오늘도 여러분의 게임 라이프를 든든하게 책임지러 온 컨텐츠 메이커이자 친근한 인스타사장님입니다! 🙋‍♂️✨</p><p><br></p><p>요즘 미드 라인 서면서 ''아.. 라인전 너무 지루하다'', ''내가 판을 메이킹하고 싶다!'' 하시는 사장님들 정말 많으시죠? 그런 고민을 단번에 해결해 줄 오늘의 치트키 챔피언! 바로 귀염둥이 <strong>미드 누누와 윌럼프</strong>입니다! ❄️</p><p><br></p><p>누누는 강력한 라인 클리어와 어마무시한 로밍력으로 상대 미드를 미치게 만드는 매력적인 챔피언인데요. 오늘 저 인스타사장님이 아주 쉽게 따라 할 수 있는 <strong>미드누누공략법</strong>과 꼭 알고 가셔야 할 <strong>미드누누 중요한포인트 3가지</strong>를 싹 다 정리해 드릴게요! 꿀팁 방출하니까 집중하세요~! 👇</p><p><br></p><p><br></p><h3>🎈 POINT 1. 굴려라 굴려! 압도적인 라인 클리어와 로밍 타이밍</h3><p>미드 누누의 핵심은 라인전에서 상대를 솔킬 따는 게 아니랍니다! 바로 W(데굴데굴 눈덩이!)를 활용한 <strong>초고속 라인 클리어와 로밍</strong>이에요.</p><p><br></p><p>미니언이 오기 전 미리 아군 포탑 뒤에서부터 눈덩이를 굴려 와서 원거리 미니언에 쾅! 박아주면? 라인 클리어는 단 몇 초 만에 끝이 난답니다. 그렇게 남은 시간에 바텀이나 탑으로 무섭게 달려가는 거예요. 상대 미드는 포탑 골드 받아먹느라 정신없고, 우리 팀 바텀은 누누의 합류로 더블킬을 따내는 마술을 경험하게 되실 거예요! 😍</p><p><br></p><p><br></p><p class="ql-align-center"><img src="http://localhost:8080/uploads/36f50b3f-0076-4a7b-b97e-5c6a19137086.png"></p><p class="ql-align-center">[AI가 생성한 이미지입니다]</p><p><br></p><p><br></p><h3>🎈 POINT 2. 먹방 요정의 생존기! Q 스킬을 활용한 유지력과 오브젝트 싸움</h3><p>두 번째로 기억하셔야 할 미드누누 중요한포인트는 바로 <strong>Q(잡아먹기) 스킬을 통한 유지력</strong>입니다!</p><p><br></p><p>상대방이 포킹을 아무리 강하게 해도, 우리 누누는 미니언 한 입 냠냠 먹으면 체력이 쭉쭉 차오른답니다. 라인전 유지력이 괴물 수준이라 절대 라인전에서 밀리지 않아요. 게다가 정글러 사장님들이 가장 사랑하는 포인트! 바로 용이나 전령 싸움에서 정글러의 ''강타''와 누누의 ''Q''가 더해지면 오브젝트는 무조건 우리 차지랍니다! 상대 정글러 울면서 돌아가게 만들 수 있어요. 😉</p><p><br></p><p><br></p><h3>🎈 POINT 3. 부쉬 속의 핵폭탄! 시야 장악과 궁극기 대박 노리기</h3><p>마지막 세 번째 꿀팁! 누누의 꽃은 바로 <strong>궁극기 ''절대 영도(R)''</strong>죠!</p><p><br></p><p>상대방에게 시야가 없는 부쉬(수풀) 속에 숨어서 궁극기를 시전하면, 상대방은 궁극기 범위 안에서 이속이 느려지는데도 왜 느려지는지 모르고 당하게 된답니다. 일명 ''부쉬 핵폭탄''! 제어 와드를 꼭 들고 다니시면서 시야를 차단하고 부쉬 낚시를 시도해 보세요. 한타 때 이거 한 번만 제대로 터지면 그 판은 그냥 캐리 확정이랍니다~! 💣</p><p><br></p><p><br></p><p>오늘 알려드린 <strong>미드누누공략법</strong>과 <strong>미드누누 중요한포인트 3가지</strong>만 완벽히 숙지하셔도 사장님들의 티어는 수직 상승할 거라고 장담합니다! 🚀</p><p><br></p><p>오늘도 유익하셨다면 공감과 댓글 꼭 남겨주시고요! 저 인스타사장님은 다음에 더 핫하고 알찬 게임 정보로 찾아올게요~ 오늘도 승리하는 하루 보내세요! 빠이빠이~! ❄️💖</p>', 'BLOG', '2026-05-21 21:59:11.829487', 7, 5, NULL, 'DRAFT', '❄️ 미드 누누로 티어 수직 상승! 초보자도 100% 성공하는 미드누누공략법 & 중요한포인트 3가지 ⛄✨', '2026-06-06 15:06:57.094245', 1, NULL, '472cb9be-dd37-441e-b5e3-7289100eebb0', '2026-06-06 15:03:07.424331');


--
-- TOC entry 3476 (class 0 OID 16406)
-- Dependencies: 222
-- Data for Name: files; Type: TABLE DATA; Schema: public; Owner: postgres
--

INSERT INTO public.files VALUES (2, '2026-05-14 22:18:24.080206', 'png', '/uploads/', 6942, NULL, 'f4860c2a-40b7-45ce-8f2d-a470a92fc216.png', 'PERMANENT', '2026-05-14 22:18:25.953589', NULL, 2);
INSERT INTO public.files VALUES (3, '2026-05-20 16:35:20.933899', 'png', '/uploads/', 6651, NULL, '9860538d-e266-4370-a84c-bbd32b766a74.png', 'PERMANENT', '2026-05-20 16:35:30.938803', 4, 3);
INSERT INTO public.files VALUES (4, '2026-05-20 16:37:06.351936', 'png', '/uploads/', 5255, NULL, '50859c59-e51b-4356-8fbe-e94477c5dd65.png', 'PERMANENT', '2026-05-20 16:37:19.98306', 5, 4);
INSERT INTO public.files VALUES (5, '2026-05-20 17:10:49.617345', 'png', '/uploads/', 7323, NULL, '393c4cbb-8ce3-4e18-b48f-7833fe82b325.png', 'TEMPORARY', '2026-05-20 17:10:49.617345', NULL, 5);
INSERT INTO public.files VALUES (6, '2026-05-20 19:26:33.321016', 'png', '/uploads/', 9064, NULL, '3f992fcc-b6a6-4a8c-ae4d-2e5027c7d945.png', 'PERMANENT', '2026-05-20 19:26:48.354659', 6, 6);
INSERT INTO public.files VALUES (7, '2026-05-21 21:59:00.817138', 'png', '/uploads/', 7105, NULL, '36f50b3f-0076-4a7b-b97e-5c6a19137086.png', 'PERMANENT', '2026-05-21 21:59:11.903267', 7, 7);
INSERT INTO public.files VALUES (8, '2026-05-21 22:40:53.823764', 'png', '/uploads/', 9758, NULL, '86389d07-02b6-4fb3-8a41-350a41624dcf.png', 'PERMANENT', '2026-05-21 22:41:03.12902', 8, 8);
INSERT INTO public.files VALUES (9, '2026-05-27 19:55:07.672545', 'png', '/uploads/', 20500, NULL, '45832108-029e-4a79-8df4-4d96ee81dfc7.png', 'PERMANENT', '2026-05-27 19:55:12.173925', 9, 9);
INSERT INTO public.files VALUES (10, '2026-05-28 20:17:13.798652', 'png', '/uploads/', 11325, NULL, '6385099a-04f2-4656-a924-f2b61fdc3d6f.png', 'PERMANENT', '2026-05-28 20:17:17.954685', 10, 10);
INSERT INTO public.files VALUES (11, '2026-05-28 20:26:43.55219', 'png', '/uploads/', 7941, NULL, 'b5b61789-bcc7-4965-af1d-ef43ba0a38d7.png', 'TEMPORARY', '2026-05-28 20:26:43.55219', NULL, 11);
INSERT INTO public.files VALUES (12, '2026-05-28 20:49:04.294299', 'png', '/uploads/', 12112, NULL, '319d239a-9248-40bf-b16b-e3e383712acf.png', 'TEMPORARY', '2026-05-28 20:49:04.294299', NULL, 12);
INSERT INTO public.files VALUES (13, '2026-06-06 15:09:54.304799', 'png', '/uploads/', 21778, NULL, '2f8749a6-d2a5-4753-a93a-e671a7399e01.png', 'PERMANENT', '2026-06-06 15:10:04.765445', 11, 13);
INSERT INTO public.files VALUES (14, '2026-06-06 15:10:33.173527', 'png', '/uploads/', 25815, NULL, '2685baf1-a757-4bb5-bcf3-def945e15313.png', 'PERMANENT', '2026-06-06 15:10:36.836983', 12, 14);
INSERT INTO public.files VALUES (15, '2026-06-06 15:11:36.500823', 'png', '/uploads/', 30396, NULL, '9de2446d-a8f7-4159-a06c-078e82b63fc4.png', 'PERMANENT', '2026-06-06 15:11:54.85344', 13, 15);
INSERT INTO public.files VALUES (16, '2026-06-06 15:12:22.958523', 'png', '/uploads/', 28283, NULL, '84696407-b99f-4cef-bba3-4f3949c8a444.png', 'PERMANENT', '2026-06-06 15:12:28.337974', 14, 16);


--
-- TOC entry 3478 (class 0 OID 16414)
-- Dependencies: 224
-- Data for Name: projects; Type: TABLE DATA; Schema: public; Owner: postgres
--

INSERT INTO public.projects VALUES (3, '2026-05-20 16:34:49.834183', NULL, '날씨', 'ACTIVE', '2026-05-20 16:34:49.834183', 1);
INSERT INTO public.projects VALUES (4, '2026-05-20 16:36:02.811144', NULL, '영화', 'ACTIVE', '2026-05-20 16:36:02.811144', 1);
INSERT INTO public.projects VALUES (5, '2026-05-20 19:26:03.140685', NULL, '게임', 'ACTIVE', '2026-05-20 19:26:03.140685', 1);
INSERT INTO public.projects VALUES (6, '2026-05-27 19:54:40.55416', NULL, '치킨', 'ACTIVE', '2026-05-27 19:54:40.55416', 2);
INSERT INTO public.projects VALUES (7, '2026-05-28 20:14:01.383814', NULL, '영화', 'ACTIVE', '2026-05-28 20:14:01.383814', 4);
INSERT INTO public.projects VALUES (8, '2026-05-28 20:25:48.893837', NULL, '음악', 'ACTIVE', '2026-05-28 20:25:48.893837', 4);


--
-- TOC entry 3482 (class 0 OID 16560)
-- Dependencies: 228
-- Data for Name: refresh_tokens; Type: TABLE DATA; Schema: public; Owner: postgres
--

INSERT INTO public.refresh_tokens VALUES (2, 'eyJhbGciOiJIUzI1NiJ9.eyJzdWIiOiJwb3J0Zm9saW8tZ3Vlc3RAaW5zYWphbmcuY29tIiwidXNlcklkIjo0LCJpc1JlZnJlc2hUb2tlbiI6dHJ1ZSwiaWF0IjoxNzgwNzI1MTI0LCJleHAiOjE3ODEzMjk5MjR9.G3UKw1DLpu6f_ui0Eur3wv-qXcZAniJxKShwcB1KwNA', 4, '2026-06-13 14:52:04.924696');
INSERT INTO public.refresh_tokens VALUES (4, 'eyJhbGciOiJIUzI1NiJ9.eyJzdWIiOiJlaGRndXI1MzRAZ21haWwuY29tIiwidXNlcklkIjoxLCJpc1JlZnJlc2hUb2tlbiI6dHJ1ZSwiaWF0IjoxNzgwNzI2MjYyLCJleHAiOjE3ODEzMzEwNjJ9.kZg60SrCFg-0lAF0WzXDU69QuQfkWkwh4qB_yPpoc0I', 1, '2026-06-13 15:11:02.705053');


--
-- TOC entry 3480 (class 0 OID 16422)
-- Dependencies: 226
-- Data for Name: users; Type: TABLE DATA; Schema: public; Owner: postgres
--

INSERT INTO public.users VALUES (2, 'ehdgur534@naver.com', '서동혁', '혁구립', '$2a$10$f3CRCNalhA1KR7PpLfes4eRopUY72FJbTyNFkrYFrh2GGbSpyCBvG', 'USER', 'Y');
INSERT INTO public.users VALUES (4, 'portfolio-guest@insajang.com', '게스트', '게스트', '$2a$10$jSZUEZceL0s0CBKdDcG/iuzeIFR67r6Enk5qsp0GpgzTurzm2NCKy', 'USER', 'Y');
INSERT INTO public.users VALUES (1, 'ehdgur534@gmail.com', '서동혁', '혁구리', '$2a$10$6UXk1CmoTZseUTY9IcxYsetYkwGqEcnyQzwgcA/hS.QICrZjJlY1u', 'USER', 'N');


--
-- TOC entry 3489 (class 0 OID 0)
-- Dependencies: 217
-- Name: content_logs_log_id_seq; Type: SEQUENCE SET; Schema: public; Owner: postgres
--

SELECT pg_catalog.setval('public.content_logs_log_id_seq', 16, true);


--
-- TOC entry 3490 (class 0 OID 0)
-- Dependencies: 219
-- Name: contents_content_id_seq; Type: SEQUENCE SET; Schema: public; Owner: postgres
--

SELECT pg_catalog.setval('public.contents_content_id_seq', 14, true);


--
-- TOC entry 3491 (class 0 OID 0)
-- Dependencies: 221
-- Name: files_id_seq; Type: SEQUENCE SET; Schema: public; Owner: postgres
--

SELECT pg_catalog.setval('public.files_id_seq', 16, true);


--
-- TOC entry 3492 (class 0 OID 0)
-- Dependencies: 223
-- Name: projects_project_id_seq; Type: SEQUENCE SET; Schema: public; Owner: postgres
--

SELECT pg_catalog.setval('public.projects_project_id_seq', 8, true);


--
-- TOC entry 3493 (class 0 OID 0)
-- Dependencies: 227
-- Name: refresh_tokens_refresh_token_id_seq; Type: SEQUENCE SET; Schema: public; Owner: postgres
--

SELECT pg_catalog.setval('public.refresh_tokens_refresh_token_id_seq', 4, true);


--
-- TOC entry 3494 (class 0 OID 0)
-- Dependencies: 225
-- Name: users_user_id_seq; Type: SEQUENCE SET; Schema: public; Owner: postgres
--

SELECT pg_catalog.setval('public.users_user_id_seq', 4, true);


--
-- TOC entry 3302 (class 2606 OID 16396)
-- Name: content_logs content_logs_pkey; Type: CONSTRAINT; Schema: public; Owner: postgres
--

ALTER TABLE ONLY public.content_logs
    ADD CONSTRAINT content_logs_pkey PRIMARY KEY (log_id);


--
-- TOC entry 3304 (class 2606 OID 16404)
-- Name: contents contents_pkey; Type: CONSTRAINT; Schema: public; Owner: postgres
--

ALTER TABLE ONLY public.contents
    ADD CONSTRAINT contents_pkey PRIMARY KEY (content_id);


--
-- TOC entry 3306 (class 2606 OID 16412)
-- Name: files files_pkey; Type: CONSTRAINT; Schema: public; Owner: postgres
--

ALTER TABLE ONLY public.files
    ADD CONSTRAINT files_pkey PRIMARY KEY (id);


--
-- TOC entry 3308 (class 2606 OID 16420)
-- Name: projects projects_pkey; Type: CONSTRAINT; Schema: public; Owner: postgres
--

ALTER TABLE ONLY public.projects
    ADD CONSTRAINT projects_pkey PRIMARY KEY (project_id);


--
-- TOC entry 3316 (class 2606 OID 16567)
-- Name: refresh_tokens refresh_tokens_pkey; Type: CONSTRAINT; Schema: public; Owner: postgres
--

ALTER TABLE ONLY public.refresh_tokens
    ADD CONSTRAINT refresh_tokens_pkey PRIMARY KEY (refresh_token_id);


--
-- TOC entry 3318 (class 2606 OID 16569)
-- Name: refresh_tokens refresh_tokens_token_key; Type: CONSTRAINT; Schema: public; Owner: postgres
--

ALTER TABLE ONLY public.refresh_tokens
    ADD CONSTRAINT refresh_tokens_token_key UNIQUE (token);


--
-- TOC entry 3310 (class 2606 OID 16432)
-- Name: users uk2ty1xmrrgtn89xt7kyxx6ta7h; Type: CONSTRAINT; Schema: public; Owner: postgres
--

ALTER TABLE ONLY public.users
    ADD CONSTRAINT uk2ty1xmrrgtn89xt7kyxx6ta7h UNIQUE (nickname);


--
-- TOC entry 3312 (class 2606 OID 16430)
-- Name: users uk6dotkott2kjsp8vw4d0m25fb7; Type: CONSTRAINT; Schema: public; Owner: postgres
--

ALTER TABLE ONLY public.users
    ADD CONSTRAINT uk6dotkott2kjsp8vw4d0m25fb7 UNIQUE (email);


--
-- TOC entry 3314 (class 2606 OID 16428)
-- Name: users users_pkey; Type: CONSTRAINT; Schema: public; Owner: postgres
--

ALTER TABLE ONLY public.users
    ADD CONSTRAINT users_pkey PRIMARY KEY (user_id);


--
-- TOC entry 3319 (class 2606 OID 16467)
-- Name: content_logs content_logs_projects_fk; Type: FK CONSTRAINT; Schema: public; Owner: postgres
--

ALTER TABLE ONLY public.content_logs
    ADD CONSTRAINT content_logs_projects_fk FOREIGN KEY (project_id) REFERENCES public.projects(project_id) ON DELETE SET NULL;


--
-- TOC entry 3320 (class 2606 OID 16472)
-- Name: content_logs content_logs_users_fk; Type: FK CONSTRAINT; Schema: public; Owner: postgres
--

ALTER TABLE ONLY public.content_logs
    ADD CONSTRAINT content_logs_users_fk FOREIGN KEY (user_id) REFERENCES public.users(user_id) ON DELETE SET NULL;


--
-- TOC entry 3321 (class 2606 OID 16477)
-- Name: contents contents_projects_fk; Type: FK CONSTRAINT; Schema: public; Owner: postgres
--

ALTER TABLE ONLY public.contents
    ADD CONSTRAINT contents_projects_fk FOREIGN KEY (project_id) REFERENCES public.projects(project_id) ON DELETE CASCADE;


--
-- TOC entry 3322 (class 2606 OID 16482)
-- Name: contents contents_users_fk; Type: FK CONSTRAINT; Schema: public; Owner: postgres
--

ALTER TABLE ONLY public.contents
    ADD CONSTRAINT contents_users_fk FOREIGN KEY (user_id) REFERENCES public.users(user_id) ON DELETE CASCADE;


--
-- TOC entry 3323 (class 2606 OID 16504)
-- Name: files fk6fcm0cm9u5ubw3kqk6hoi7l96; Type: FK CONSTRAINT; Schema: public; Owner: postgres
--

ALTER TABLE ONLY public.files
    ADD CONSTRAINT fk6fcm0cm9u5ubw3kqk6hoi7l96 FOREIGN KEY (content_id) REFERENCES public.contents(content_id) ON DELETE SET NULL;


--
-- TOC entry 3324 (class 2606 OID 16509)
-- Name: files fkb87uvli4e9sx97of6bxdkvwg9; Type: FK CONSTRAINT; Schema: public; Owner: postgres
--

ALTER TABLE ONLY public.files
    ADD CONSTRAINT fkb87uvli4e9sx97of6bxdkvwg9 FOREIGN KEY (log_id) REFERENCES public.content_logs(log_id) ON DELETE SET NULL;


--
-- TOC entry 3325 (class 2606 OID 16443)
-- Name: projects fkhswfwa3ga88vxv1pmboss6jhm; Type: FK CONSTRAINT; Schema: public; Owner: postgres
--

ALTER TABLE ONLY public.projects
    ADD CONSTRAINT fkhswfwa3ga88vxv1pmboss6jhm FOREIGN KEY (user_id) REFERENCES public.users(user_id);


-- Completed on 2026-06-09 23:20:52

--
-- PostgreSQL database dump complete
--

